timestamp,aqi,co,no,no2,o3,so2,pm2_5,pm10,nh3,type,source,city,dew,h,p,pm25,r,t,w,pollutant,min,max
2026-02-14 00:00:00,108,,,,,,,,,forecast_pm25,AQICN,Islamabad,,,,,,,,pm25,68.0,138.0
2026-02-14 00:00:00,1,,,,,,,,,forecast_uvi,AQICN,Islamabad,,,,,,,,uvi,0.0,4.0
2026-02-14 00:00:00,35,,,,,,,,,forecast_pm10,AQICN,Islamabad,,,,,,,,pm10,19.0,46.0
2026-02-15 00:00:00,24,,,,,,,,,forecast_pm10,AQICN,Islamabad,,,,,,,,pm10,18.0,28.0
2026-02-15 00:00:00,1,,,,,,,,,forecast_uvi,AQICN,Islamabad,,,,,,,,uvi,0.0,4.0
2026-02-15 00:00:00,78,,,,,,,,,forecast_pm25,AQICN,Islamabad,,,,,,,,pm25,59.0,89.0
2026-02-16 00:00:00,27,,,,,,,,,forecast_pm10,AQICN,Islamabad,,,,,,,,pm10,19.0,43.0
2026-02-16 00:00:00,1,,,,,,,,,forecast_uvi,AQICN,Islamabad,,,,,,,,uvi,0.0,4.0
2026-02-16 00:00:00,87,,,,,,,,,forecast_pm25,AQICN,Islamabad,,,,,,,,pm25,68.0,129.0
2026-02-16 17:00:00,154,,,,,,,,,current,AQICN,Islamabad,1.5,48.6,797.2,154.0,0.7,12.0,2.0,,,
2026-02-17 00:00:00,132,,,,,,,,,forecast_pm25,AQICN,Islamabad,,,,,,,,pm25,89.0,157.0
2026-02-17 00:00:00,47,,,,,,,,,forecast_pm10,AQICN,Islamabad,,,,,,,,pm10,28.0,57.0
2026-02-17 00:00:00,1,,,,,,,,,forecast_uvi,AQICN,Islamabad,,,,,,,,uvi,0.0,4.0
2026-02-18 00:00:00,34,,,,,,,,,forecast_pm10,AQICN,Islamabad,,,,,,,,pm10,19.0,46.0
2026-02-18 00:00:00,1,,,,,,,,,forecast_uvi,AQICN,Islamabad,,,,,,,,uvi,0.0,4.0
2026-02-18 00:00:00,105,,,,,,,,,forecast_pm25,AQICN,Islamabad,,,,,,,,pm25,68.0,138.0
2026-02-19 00:00:00,1,,,,,,,,,forecast_uvi,AQICN,Islamabad,,,,,,,,uvi,0.0,5.0
2026-02-19 00:00:00,23,,,,,,,,,forecast_pm10,AQICN,Islamabad,,,,,,,,pm10,19.0,28.0
2026-02-19 00:00:00,74,,,,,,,,,forecast_pm25,AQICN,Islamabad,,,,,,,,pm25,64.0,89.0
2026-02-20 00:00:00,72,,,,,,,,,forecast_pm25,AQICN,Islamabad,,,,,,,,pm25,64.0,88.0
2026-02-20 00:00:00,1,,,,,,,,,forecast_uvi,AQICN,Islamabad,,,,,,,,uvi,0.0,5.0
2026-02-20 00:00:00,25,,,,,,,,,forecast_pm10,AQICN,Islamabad,,,,,,,,pm10,19.0,28.0
2026-02-21 00:00:00,0,,,,,,,,,forecast_uvi,AQICN,Islamabad,,,,,,,,uvi,0.0,0.0
2026-02-21 00:00:00,77,,,,,,,,,forecast_pm25,AQICN,Islamabad,,,,,,,,pm25,68.0,85.0
2026-02-21 00:00:00,25,,,,,,,,,forecast_pm10,AQICN,Islamabad,,,,,,,,pm10,19.0,28.0
2026-02-22 00:00:00,42,,,,,,,,,forecast_pm10,AQICN,Islamabad,,,,,,,,pm10,27.0,46.0
2026-02-22 00:00:00,126,,,,,,,,,forecast_pm25,AQICN,Islamabad,,,,,,,,pm25,68.0,138.0
2026-10-05 20:00:00,5,630.56,0.0,8.8,76.55,4.99,110.16,175.27,8.35,history,OpenWeather,Islamabad,,,,,,,,,,
2026-10-05 21:00:00,5,613.5,0.0,7.06,75.49,5.04,108.76,171.7,7.98,history,OpenWeather,Islamabad,,,,,,,,,,
2026-10-05 22:00:00,5,597.81,0.0,5.55,77.36,5.47,108.44,170.79,7.81,history,OpenWeather,Islamabad,,,,,,,,,,
2026-10-05 23:00:00,5,604.66,0.0,4.8,76.16,5.4,110.09,170.74,7.86,history,OpenWeather,Islamabad,,,,,,,,,,
2026-10-06 00:00:00,5,621.76,0.0,4.38,74.74,5.42,112.43,171.16,7.92,history,OpenWeather,Islamabad,,,,,,,,,,
2026-10-06 01:00:00,5,632.23,0.0,4.16,75.58,5.71,114.03,170.92,7.63,history,OpenWeather,Islamabad,,,,,,,,,,
2026-10-06 02:00:00,5,636.39,0.0,4.57,77.49,5.91,115.4,170.56,7.17,history,OpenWeather,Islamabad,,,,,,,,,,
2026-10-06 03:00:00,5,641.23,0.04,5.67,83.35,6.48,116.14,170.27,6.44,history,OpenWeather,Islamabad,,,,,,,,,,
2026-10-06 04:00:00,5,557.7,0.12,5.48,101.52,7.5,103.67,158.29,4.8,history,OpenWeather,Islamabad,,,,,,,,,,
2026-10-06 05:00:00,5,533.6,0.27,5.07,108.22,6.66,97.8,150.63,4.53,history,OpenWeather,Islamabad,,,,,,,,,,
2026-10-06 06:00:00,5,528.62,0.34,4.24,118.37,6.57,97.58,151.05,4.61,history,OpenWeather,Islamabad,,,,,,,,,,
2026-10-06 07:00:00,5,420.54,0.21,2.5,132.68,8.63,84.77,145.87,3.6,history,OpenWeather,Islamabad,,,,,,,,,,
2026-10-06 08:00:00,4,350.9,0.15,1.85,135.78,8.83,73.83,135.17,3.05,history,OpenWeather,Islamabad,,,,,,,,,,
2026-10-06 09:00:00,4,325.37,0.13,1.8,136.13,8.48,67.78,126.22,2.83,history,OpenWeather,Islamabad,,,,,,,,,,
2026-10-06 10:00:00,4,325.2,0.14,2.36,137.21,8.09,65.99,120.9,3.09,history,OpenWeather,Islamabad,,,,,,,,,,
2026-10-06 11:00:00,4,344.35,0.15,3.52,135.85,7.63,67.32,118.42,3.77,history,OpenWeather,Islamabad,,,,,,,,,,
2026-10-06 12:00:00,4,363.3,0.08,5.09,131.71,7.21,67.5,115.38,4.29,history,OpenWeather,Islamabad,,,,,,,,,,
2026-10-06 13:00:00,4,386.89,0.01,6.89,121.33,6.47,66.92,111.96,5.18,history,OpenWeather,Islamabad,,,,,,,,,,
2026-10-06 14:00:00,4,422.29,0.0,8.24,109.93,5.6,67.67,110.81,6.54,history,OpenWeather,Islamabad,,,,,,,,,,
2026-10-06 15:00:00,4,449.3,0.0,8.61,101.26,4.81,67.67,108.98,7.64,history,OpenWeather,Islamabad,,,,,,,,,,
2026-10-06 16:00:00,4,478.0,0.0,9.18,88.71,3.7,67.01,106.04,8.93,history,OpenWeather,Islamabad,,,,,,,,,,
2026-10-06 17:00:00,4,519.28,0.0,10.16,74.8,2.71,67.12,105.15,9.76,history,OpenWeather,Islamabad,,,,,,,,,,
2026-10-06 18:00:00,4,550.99,0.0,10.84,64.1,2.1,67.18,104.55,9.63,history,OpenWeather,Islamabad,,,,,,,,,,
2026-10-06 19:00:00,4,559.2,0.0,10.55,57.19,2.75,66.26,101.22,8.29,history,OpenWeather,Islamabad,,,,,,,,,,
2026-10-06 20:00:00,4,540.31,0.0,8.65,54.71,4.28,63.55,92.82,5.5,history,OpenWeather,Islamabad,,,,,,,,,,
2026-10-06 21:00:00,4,517.76,0.0,6.6,57.4,6.0,58.18,79.73,3.41,history,OpenWeather,Islamabad,,,,,,,,,,
2026-10-06 22:00:00,4,481.15,0.0,4.82,69.27,5.38,50.66,65.55,2.19,history,OpenWeather,Islamabad,,,,,,,,,,
2026-10-06 23:00:00,3,486.56,0.0,4.46,67.1,3.78,48.31,60.45,2.07,history,OpenWeather,Islamabad,,,,,,,,,,
2026-10-07 00:00:00,3,480.5,0.0,4.03,66.87,2.83,46.4,56.85,2.11,history,OpenWeather,Islamabad,,,,,,,,,,
2026-10-07 01:00:00,3,503.69,0.0,4.32,70.32,2.22,40.2,50.01,2.05,history,OpenWeather,Islamabad,,,,,,,,,,
2026-10-07 02:00:00,3,499.15,0.01,4.97,69.49,1.98,37.78,48.38,2.39,history,OpenWeather,Islamabad,,,,,,,,,,
2026-10-07 03:00:00,3,510.14,0.33,6.32,69.4,1.99,36.29,48.21,2.7,history,OpenWeather,Islamabad,,,,,,,,,,
2026-10-07 04:00:00,3,470.96,0.7,5.68,83.55,2.44,34.21,47.11,2.53,history,OpenWeather,Islamabad,,,,,,,,,,
2026-10-07 05:00:00,3,434.52,0.68,4.52,99.0,2.69,34.33,47.76,2.7,history,OpenWeather,Islamabad,,,,,,,,,,
2026-10-07 06:00:00,3,412.3,0.44,3.2,117.69,2.99,37.98,51.61,2.77,history,OpenWeather,Islamabad,,,,,,,,,,
2026-10-07 07:00:00,3,334.47,0.21,1.72,131.44,3.58,38.92,50.94,1.75,history,OpenWeather,Islamabad,,,,,,,,,,
2026-10-07 08:00:00,3,300.48,0.15,1.38,134.83,3.57,39.85,50.96,1.43,history,OpenWeather,Islamabad,,,,,,,,,,
2026-10-07 09:00:00,3,293.17,0.14,1.43,137.28,3.6,41.6,52.44,1.41,history,OpenWeather,Islamabad,,,,,,,,,,
2026-10-07 10:00:00,3,290.86,0.13,1.61,139.7,3.6,42.43,53.46,1.45,history,OpenWeather,Islamabad,,,,,,,,,,
2026-10-07 11:00:00,3,288.91,0.11,2.0,139.16,3.55,42.4,53.79,1.6,history,OpenWeather,Islamabad,,,,,,,,,,
2026-10-07 12:00:00,3,291.8,0.06,2.7,136.59,3.55,42.39,54.09,1.81,history,OpenWeather,Islamabad,,,,,,,,,,
2026-10-07 13:00:00,3,345.54,0.01,6.64,120.11,3.19,44.1,56.88,4.03,history,OpenWeather,Islamabad,,,,,,,,,,
2026-10-07 14:00:00,3,431.74,0.0,11.35,98.39,2.67,47.69,62.67,6.95,history,OpenWeather,Islamabad,,,,,,,,,,
2026-10-07 15:00:00,4,500.45,0.0,13.77,83.84,2.26,51.45,68.77,8.21,history,OpenWeather,Islamabad,,,,,,,,,,
2026-10-07 16:00:00,4,552.59,0.0,14.83,71.95,1.93,54.88,74.02,9.07,history,OpenWeather,Islamabad,,,,,,,,,,
2026-10-07 17:00:00,4,598.96,0.0,15.49,62.14,1.76,58.26,79.21,10.52,history,OpenWeather,Islamabad,,,,,,,,,,
2026-10-07 18:00:00,4,635.08,0.0,16.07,54.72,1.72,60.74,82.93,12.24,history,OpenWeather,Islamabad,,,,,,,,,,
2026-10-07 19:00:00,4,644.59,0.0,15.86,51.42,1.76,62.92,85.02,14.7,history,OpenWeather,Islamabad,,,,,,,,,,
2026-10-07 20:00:00,4,640.43,0.0,14.46,51.69,1.85,65.92,87.76,16.98,history,OpenWeather,Islamabad,,,,,,,,,,
2026-10-07 21:00:00,4,631.12,0.0,12.61,53.18,1.95,69.15,90.93,19.07,history,OpenWeather,Islamabad,,,,,,,,,,
2026-10-07 22:00:00,4,616.63,0.0,10.9,54.83,2.02,71.52,93.4,20.5,history,OpenWeather,Islamabad,,,,,,,,,,
2026-10-07 23:00:00,4,608.5,0.0,9.66,54.5,1.88,72.9,95.18,19.92,history,OpenWeather,Islamabad,,,,,,,,,,
2026-10-08 00:00:00,4,613.87,0.0,9.22,51.62,1.63,73.32,96.28,18.52,history,OpenWeather,Islamabad,,,,,,,,,,
2026-10-08 01:00:00,4,630.84,0.0,9.48,46.36,1.42,71.73,95.75,17.22,history,OpenWeather,Islamabad,,,,,,,,,,
2026-10-08 02:00:00,4,674.45,0.07,11.42,39.86,1.43,69.32,95.64,17.05,history,OpenWeather,Islamabad,,,,,,,,,,
2026-10-08 03:00:00,4,729.68,1.43,13.02,38.02,1.54,69.58,98.51,16.18,history,OpenWeather,Islamabad,,,,,,,,,,
2026-10-08 04:00:00,4,558.45,0.95,7.52,83.19,2.73,62.28,91.47,6.58,history,OpenWeather,Islamabad,,,,,,,,,,
2026-10-08 05:00:00,4,520.08,0.84,5.74,100.68,3.05,61.66,90.78,5.77,history,OpenWeather,Islamabad,,,,,,,,,,
2026-10-08 06:00:00,4,515.09,0.59,4.49,118.05,3.22,65.29,94.84,5.82,history,OpenWeather,Islamabad,,,,,,,,,,
2026-10-08 07:00:00,4,349.23,0.17,1.57,139.54,4.28,53.59,76.09,2.39,history,OpenWeather,Islamabad,,,,,,,,,,
2026-10-08 08:00:00,3,308.54,0.11,1.08,139.45,3.52,48.21,67.58,1.82,history,OpenWeather,Islamabad,,,,,,,,,,
2026-10-08 09:00:00,3,302.09,0.11,1.1,138.92,3.17,47.1,66.08,1.86,history,OpenWeather,Islamabad,,,,,,,,,,
2026-10-08 10:00:00,3,309.25,0.13,1.54,138.43,3.01,47.84,67.42,2.25,history,OpenWeather,Islamabad,,,,,,,,,,
2026-10-08 11:00:00,3,326.2,0.14,2.6,135.58,2.97,49.71,70.31,2.98,history,OpenWeather,Islamabad,,,,,,,,,,
2026-10-08 12:00:00,4,350.22,0.08,4.3,130.96,3.03,51.8,73.48,3.69,history,OpenWeather,Islamabad,,,,,,,,,,
2026-10-08 13:00:00,4,414.76,0.01,8.54,115.56,2.91,54.87,77.73,5.9,history,OpenWeather,Islamabad,,,,,,,,,,
2026-10-08 14:00:00,4,505.05,0.0,13.04,95.64,2.62,59.12,83.85,8.89,history,OpenWeather,Islamabad,,,,,,,,,,
2026-10-08 15:00:00,4,578.57,0.0,15.36,81.57,2.34,63.65,90.7,10.93,history,OpenWeather,Islamabad,,,,,,,,,,
2026-10-08 16:00:00,4,635.3,0.0,16.36,69.5,2.02,67.69,96.32,11.77,history,OpenWeather,Islamabad,,,,,,,,,,
2026-10-08 17:00:00,4,690.61,0.0,16.91,60.5,1.75,72.01,101.77,11.49,history,OpenWeather,Islamabad,,,,,,,,,,
2026-10-08 18:00:00,5,731.09,0.0,16.98,54.45,1.57,75.67,105.47,10.51,history,OpenWeather,Islamabad,,,,,,,,,,
2026-10-08 19:00:00,5,726.18,0.0,15.22,54.98,1.62,77.76,105.79,9.48,history,OpenWeather,Islamabad,,,,,,,,,,
2026-10-08 20:00:00,5,712.05,0.0,12.77,56.18,1.69,79.67,106.08,9.14,history,OpenWeather,Islamabad,,,,,,,,,,
2026-10-08 21:00:00,5,699.6,0.0,10.57,56.06,1.78,81.03,106.3,9.02,history,OpenWeather,Islamabad,,,,,,,,,,
2026-10-08 22:00:00,5,670.94,0.0,8.53,58.59,2.22,80.35,104.59,9.07,history,OpenWeather,Islamabad,,,,,,,,,,
2026-10-08 23:00:00,5,660.37,0.0,7.56,56.54,2.18,80.03,103.87,9.77,history,OpenWeather,Islamabad,,,,,,,,,,
2026-10-09 00:00:00,5,658.47,0.0,7.17,53.4,2.05,80.19,103.93,10.61,history,OpenWeather,Islamabad,,,,,,,,,,
2026-10-09 01:00:00,5,658.71,0.0,7.23,50.05,1.96,79.4,103.12,10.17,history,OpenWeather,Islamabad,,,,,,,,,,
2026-10-09 02:00:00,5,674.38,0.04,8.56,46.77,2.14,78.41,102.85,9.29,history,OpenWeather,Islamabad,,,,,,,,,,
2026-10-09 03:00:00,5,695.54,0.8,10.04,49.67,2.76,77.3,102.56,7.94,history,OpenWeather,Islamabad,,,,,,,,,,
2026-10-09 04:00:00,5,583.72,0.64,6.71,88.07,5.69,75.1,99.34,5.24,history,OpenWeather,Islamabad,,,,,,,,,,
2026-10-09 05:00:00,5,549.07,0.65,5.43,106.01,6.38,75.43,98.88,4.74,history,OpenWeather,Islamabad,,,,,,,,,,
2026-10-09 06:00:00,5,525.35,0.47,4.01,124.71,6.55,77.61,100.45,4.53,history,OpenWeather,Islamabad,,,,,,,,,,
2026-10-09 07:00:00,4,386.46,0.15,1.58,144.21,6.81,64.81,85.63,1.92,history,OpenWeather,Islamabad,,,,,,,,,,
2026-10-09 08:00:00,4,332.33,0.1,1.15,142.76,5.06,52.34,70.09,1.39,history,OpenWeather,Islamabad,,,,,,,,,,
2026-10-09 09:00:00,4,315.35,0.08,1.22,141.66,4.41,46.95,63.1,1.36,history,OpenWeather,Islamabad,,,,,,,,,,
2026-10-09 10:00:00,4,315.21,0.09,1.56,142.07,4.16,45.08,60.75,1.57,history,OpenWeather,Islamabad,,,,,,,,,,
2026-10-09 11:00:00,4,327.71,0.1,2.29,140.93,4.11,46.1,62.04,2.06,history,OpenWeather,Islamabad,,,,,,,,,,
2026-10-09 12:00:00,3,347.12,0.05,3.42,138.96,4.15,48.03,64.36,2.56,history,OpenWeather,Islamabad,,,,,,,,,,
2026-10-09 13:00:00,4,393.62,0.0,6.04,129.34,3.97,51.35,68.51,3.92,history,OpenWeather,Islamabad,,,,,,,,,,
2026-10-09 14:00:00,4,457.41,0.0,8.8,115.98,3.56,55.89,74.69,5.84,history,OpenWeather,Islamabad,,,,,,,,,,
2026-10-09 15:00:00,4,507.16,0.0,10.03,106.06,3.19,60.37,80.98,6.93,history,OpenWeather,Islamabad,,,,,,,,,,
2026-10-09 16:00:00,4,543.38,0.0,10.38,95.45,2.72,63.75,85.63,7.35,history,OpenWeather,Islamabad,,,,,,,,,,
2026-10-09 17:00:00,4,575.64,0.0,10.43,86.6,2.38,66.74,89.92,7.71,history,OpenWeather,Islamabad,,,,,,,,,,
2026-10-09 18:00:00,4,595.7,0.0,10.28,79.95,2.18,68.75,92.9,7.6,history,OpenWeather,Islamabad,,,,,,,,,,
2026-10-09 19:00:00,4,600.05,0.0,9.67,74.55,2.03,69.64,93.93,7.16,history,OpenWeather,Islamabad,,,,,,,,,,
2026-10-09 20:00:00,4,597.89,0.0,8.4,69.71,1.89,70.43,94.56,6.69,history,OpenWeather,Islamabad,,,,,,,,,,
2026-10-09 21:00:00,4,595.48,0.0,7.08,65.93,1.85,71.11,95.02,6.28,history,OpenWeather,Islamabad,,,,,,,,,,
2026-10-09 22:00:00,4,591.67,0.0,6.06,63.08,1.9,71.32,94.92,5.85,history,OpenWeather,Islamabad,,,,,,,,,,
2026-10-09 23:00:00,4,591.04,0.0,5.35,61.28,2.0,71.54,94.88,5.34,history,OpenWeather,Islamabad,,,,,,,,,,
2026-10-10 00:00:00,4,591.32,0.0,4.9,60.35,2.17,71.79,94.85,4.85,history,OpenWeather,Islamabad,,,,,,,,,,
2026-10-10 01:00:00,4,590.41,0.0,4.73,59.34,2.37,71.44,94.24,4.48,history,OpenWeather,Islamabad,,,,,,,,,,
2026-10-10 02:00:00,4,597.22,0.01,5.34,57.53,2.63,71.21,94.34,4.54,history,OpenWeather,Islamabad,,,,,,,,,,
2026-10-10 03:00:00,4,608.12,0.19,6.43,58.72,3.27,71.84,96.12,4.61,history,OpenWeather,Islamabad,,,,,,,,,,
2026-10-10 04:00:00,5,572.67,0.28,5.27,79.71,5.8,75.78,101.1,3.34,history,OpenWeather,Islamabad,,,,,,,,,,
2026-10-10 05:00:00,5,584.41,0.33,5.43,84.1,6.0,78.44,101.42,3.04,history,OpenWeather,Islamabad,,,,,,,,,,
2026-10-10 06:00:00,5,591.62,0.22,5.51,88.31,5.89,81.19,101.92,2.62,history,OpenWeather,Islamabad,,,,,,,,,,
2026-10-10 07:00:00,5,566.79,0.2,5.01,96.28,5.58,83.03,102.13,2.15,history,OpenWeather,Islamabad,,,,,,,,,,
2026-10-10 08:00:00,5,522.97,0.26,4.04,110.13,5.25,82.56,101.62,2.12,history,OpenWeather,Islamabad,,,,,,,,,,
2026-10-10 09:00:00,5,484.65,0.24,3.25,121.56,4.85,79.25,98.03,2.11,history,OpenWeather,Islamabad,,,,,,,,,,
2026-10-10 10:00:00,4,402.07,0.13,2.14,134.49,4.34,65.15,82.9,1.29,history,OpenWeather,Islamabad,,,,,,,,,,
2026-10-10 11:00:00,4,384.36,0.09,2.36,134.5,4.11,59.81,76.79,1.44,history,OpenWeather,Islamabad,,,,,,,,,,
2026-10-10 12:00:00,4,391.52,0.04,3.11,132.04,4.05,57.1,73.27,1.81,history,OpenWeather,Islamabad,,,,,,,,,,
2026-10-10 13:00:00,4,408.33,0.0,4.12,126.82,3.83,54.02,69.16,2.51,history,OpenWeather,Islamabad,,,,,,,,,,
2026-10-10 14:00:00,4,429.25,0.0,4.88,119.58,3.41,51.2,65.47,3.57,history,OpenWeather,Islamabad,,,,,,,,,,
2026-10-10 15:00:00,3,443.22,0.0,5.06,113.36,2.99,48.01,61.52,4.43,history,OpenWeather,Islamabad,,,,,,,,,,
2026-10-10 16:00:00,3,453.21,0.0,5.24,104.95,3.04,44.44,56.62,4.7,history,OpenWeather,Islamabad,,,,,,,,,,
2026-10-10 17:00:00,3,471.56,0.0,5.62,96.43,3.16,42.47,54.06,4.25,history,OpenWeather,Islamabad,,,,,,,,,,
2026-10-10 18:00:00,3,486.7,0.0,5.89,90.6,3.24,41.51,53.08,4.0,history,OpenWeather,Islamabad,,,,,,,,,,
2026-10-10 19:00:00,3,485.96,0.0,5.63,86.89,3.48,40.37,51.05,4.05,history,OpenWeather,Islamabad,,,,,,,,,,
2026-10-10 19:00:00,3,485.96,0.0,5.63,86.89,3.48,40.37,51.05,4.05,forecast,OpenWeather,Islamabad,,,,,,,,,,
2026-10-10 19:48:19,3,483.58,0.0,4.86,84.01,3.38,39.72,49.43,3.39,current,OpenWeather,Islamabad,,,,,,,,,,
2026-10-10 20:00:00,3,483.58,0.0,4.86,84.01,3.38,39.72,49.43,3.39,forecast,OpenWeather,Islamabad,,,,,,,,,,
2026-10-10 21:00:00,3,482.7,0.0,4.12,80.79,3.07,39.1,48.16,2.84,forecast,OpenWeather,Islamabad,,,,,,,,,,
2026-10-10 22:00:00,3,482.59,0.0,3.66,75.49,2.18,38.08,46.62,2.77,forecast,OpenWeather,Islamabad,,,,,,,,,,
2026-10-10 23:00:00,3,485.12,0.0,3.42,69.72,1.42,36.81,45.35,3.18,forecast,OpenWeather,Islamabad,,,,,,,,,,
2026-10-11 00:00:00,3,486.6,0.0,3.34,65.76,1.08,35.79,44.48,3.76,forecast,OpenWeather,Islamabad,,,,,,,,,,
2026-10-11 01:00:00,3,490.11,0.0,3.54,62.89,0.89,35.34,44.86,4.15,forecast,OpenWeather,Islamabad,,,,,,,,,,
2026-10-11 02:00:00,3,509.43,0.01,4.65,59.76,0.86,35.26,46.73,4.03,forecast,OpenWeather,Islamabad,,,,,,,,,,
2026-10-11 03:00:00,3,540.99,0.4,6.15,58.34,0.94,35.69,49.19,3.93,forecast,OpenWeather,Islamabad,,,,,,,,,,
2026-10-11 04:00:00,3,509.63,0.45,4.66,79.98,1.56,34.7,48.43,2.72,forecast,OpenWeather,Islamabad,,,,,,,,,,
2026-10-11 05:00:00,3,495.22,0.45,4.12,91.6,1.95,34.49,47.97,2.47,forecast,OpenWeather,Islamabad,,,,,,,,,,
2026-10-11 06:00:00,3,478.96,0.34,3.58,103.45,2.3,34.48,47.36,2.32,forecast,OpenWeather,Islamabad,,,,,,,,,,
2026-10-11 07:00:00,3,432.05,0.24,2.67,118.35,2.38,32.64,43.13,1.75,forecast,OpenWeather,Islamabad,,,,,,,,,,
2026-10-11 08:00:00,3,399.19,0.21,2.07,125.3,2.25,31.4,40.76,1.79,forecast,OpenWeather,Islamabad,,,,,,,,,,
2026-10-11 09:00:00,3,378.62,0.19,1.84,128.75,2.24,30.6,39.5,1.89,forecast,OpenWeather,Islamabad,,,,,,,,,,
2026-10-11 10:00:00,3,384.66,0.2,2.41,129.29,2.17,31.39,40.52,2.45,forecast,OpenWeather,Islamabad,,,,,,,,,,
2026-10-11 11:00:00,3,407.41,0.2,3.96,123.07,2.01,32.54,42.22,3.38,forecast,OpenWeather,Islamabad,,,,,,,,,,
2026-10-11 12:00:00,3,438.62,0.09,6.24,115.5,1.97,33.42,43.29,3.66,forecast,OpenWeather,Islamabad,,,,,,,,,,
2026-10-11 13:00:00,3,476.75,0.0,8.94,101.91,1.73,33.7,43.44,3.8,forecast,OpenWeather,Islamabad,,,,,,,,,,
2026-10-11 14:00:00,3,515.54,0.0,10.76,89.18,1.42,34.16,44.37,3.83,forecast,OpenWeather,Islamabad,,,,,,,,,,
2026-10-11 15:00:00,3,540.42,0.0,11.19,80.2,1.21,34.61,45.7,3.78,forecast,OpenWeather,Islamabad,,,,,,,,,,
2026-10-11 16:00:00,3,565.86,0.0,11.53,69.62,0.98,35.52,48.1,4.1,forecast,OpenWeather,Islamabad,,,,,,,,,,
2026-10-11 17:00:00,3,599.26,0.0,12.09,58.09,0.85,37.22,51.85,5.08,forecast,OpenWeather,Islamabad,,,,,,,,,,
2026-10-11 18:00:00,3,626.54,0.0,12.64,49.57,0.82,38.62,54.55,6.86,forecast,OpenWeather,Islamabad,,,,,,,,,,
2026-10-11 19:00:00,3,635.53,0.0,12.49,44.46,0.81,39.23,55.13,8.05,forecast,OpenWeather,Islamabad,,,,,,,,,,
2026-10-11 20:00:00,3,636.16,0.0,11.48,41.21,0.69,39.64,55.13,6.27,forecast,OpenWeather,Islamabad,,,,,,,,,,
2026-10-11 21:00:00,3,633.88,0.0,10.25,40.62,0.63,40.05,55.14,4.62,forecast,OpenWeather,Islamabad,,,,,,,,,,
2026-10-11 22:00:00,3,611.79,0.0,8.3,43.59,0.62,39.91,54.24,3.59,forecast,OpenWeather,Islamabad,,,,,,,,,,
2026-10-11 23:00:00,3,601.7,0.0,7.23,41.13,0.54,40.37,54.56,3.59,forecast,OpenWeather,Islamabad,,,,,,,,,,
2026-10-12 00:00:00,3,597.07,0.0,6.74,37.84,0.49,40.87,55.55,4.06,forecast,OpenWeather,Islamabad,,,,,,,,,,
2026-10-12 01:00:00,3,595.44,0.0,6.63,35.46,0.51,40.73,56.76,4.4,forecast,OpenWeather,Islamabad,,,,,,,,,,
2026-10-12 02:00:00,3,611.56,0.06,7.69,34.05,0.64,40.28,59.03,4.28,forecast,OpenWeather,Islamabad,,,,,,,,,,
2026-10-12 03:00:00,3,629.97,1.0,8.28,39.24,0.87,39.53,61.17,4.23,forecast,OpenWeather,Islamabad,,,,,,,,,,
2026-10-12 04:00:00,3,568.51,1.11,6.25,72.87,1.48,37.56,61.08,3.35,forecast,OpenWeather,Islamabad,,,,,,,,,,
2026-10-12 05:00:00,3,545.16,0.95,5.06,91.02,1.81,38.92,63.07,3.55,forecast,OpenWeather,Islamabad,,,,,,,,,,
2026-10-12 06:00:00,3,540.02,0.63,3.91,110.63,2.08,43.28,68.07,4.01,forecast,OpenWeather,Islamabad,,,,,,,,,,
2026-10-12 07:00:00,3,383.99,0.19,1.52,134.89,2.53,28.16,43.89,1.43,forecast,OpenWeather,Islamabad,,,,,,,,,,
2026-10-12 08:00:00,3,334.42,0.12,1.07,134.92,1.93,22.43,34.11,1.04,forecast,OpenWeather,Islamabad,,,,,,,,,,
2026-10-12 09:00:00,3,325.11,0.11,1.12,134.27,1.76,21.81,32.77,1.13,forecast,OpenWeather,Islamabad,,,,,,,,,,
2026-10-12 10:00:00,3,328.69,0.13,1.49,134.06,1.76,22.18,33.25,1.48,forecast,OpenWeather,Islamabad,,,,,,,,,,
2026-10-12 11:00:00,3,341.18,0.15,2.38,131.72,1.86,23.06,34.78,2.13,forecast,OpenWeather,Islamabad,,,,,,,,,,
2026-10-12 12:00:00,3,358.67,0.09,3.85,127.87,1.98,23.84,36.33,2.79,forecast,OpenWeather,Islamabad,,,,,,,,,,
2026-10-12 13:00:00,3,422.54,0.01,8.35,111.71,1.97,25.58,39.71,5.45,forecast,OpenWeather,Islamabad,,,,,,,,,,
2026-10-12 14:00:00,3,512.64,0.0,13.5,92.39,1.93,28.14,45.14,9.46,forecast,OpenWeather,Islamabad,,,,,,,,,,
2026-10-12 15:00:00,3,580.4,0.0,16.29,80.56,1.97,31.1,51.24,13.08,forecast,OpenWeather,Islamabad,,,,,,,,,,
2026-10-12 16:00:00,3,621.01,0.0,17.1,72.94,2.02,35.0,57.62,15.9,forecast,OpenWeather,Islamabad,,,,,,,,,,
2026-10-12 17:00:00,3,650.17,0.0,16.9,68.46,2.08,38.45,63.09,18.05,forecast,OpenWeather,Islamabad,,,,,,,,,,
2026-10-12 18:00:00,3,668.36,0.0,16.45,65.24,2.1,41.14,67.03,19.8,forecast,OpenWeather,Islamabad,,,,,,,,,,
2026-10-12 19:00:00,3,663.47,0.0,15.22,62.87,2.01,43.04,69.09,21.18,forecast,OpenWeather,Islamabad,,,,,,,,,,
2026-10-12 20:00:00,3,651.47,0.0,13.43,61.41,1.9,44.67,70.85,22.54,forecast,OpenWeather,Islamabad,,,,,,,,,,
2026-10-12 21:00:00,3,642.92,0.0,11.71,60.37,1.84,46.49,73.1,24.14,forecast,OpenWeather,Islamabad,,,,,,,,,,
2026-10-12 22:00:00,3,638.19,0.0,10.43,59.17,1.81,48.15,75.32,25.65,forecast,OpenWeather,Islamabad,,,,,,,,,,
2026-10-12 23:00:00,3,635.78,0.0,9.43,57.54,1.78,49.69,77.5,27.34,forecast,OpenWeather,Islamabad,,,,,,,,,,
2026-10-13 00:00:00,4,635.79,0.0,8.81,54.93,1.74,51.18,79.62,29.09,forecast,OpenWeather,Islamabad,,,,,,,,,,
2026-10-13 01:00:00,4,639.83,0.0,8.52,49.45,1.58,51.95,80.69,25.69,forecast,OpenWeather,Islamabad,,,,,,,,,,
2026-10-13 02:00:00,4,666.58,0.02,9.83,42.77,1.41,51.88,81.38,17.51,forecast,OpenWeather,Islamabad,,,,,,,,,,
2026-10-13 03:00:00,4,697.81,0.57,11.64,41.78,1.35,50.13,79.83,10.65,forecast,OpenWeather,Islamabad,,,,,,,,,,
2026-10-13 04:00:00,3,581.46,0.69,8.07,73.98,1.38,40.39,68.15,5.62,forecast,OpenWeather,Islamabad,,,,,,,,,,
2026-10-13 05:00:00,3,534.02,0.84,6.35,85.17,1.31,34.68,61.46,4.88,forecast,OpenWeather,Islamabad,,,,,,,,,,
2026-10-13 06:00:00,3,506.27,0.75,4.82,99.0,1.36,34.31,60.31,4.93,forecast,OpenWeather,Islamabad,,,,,,,,,,
2026-10-13 07:00:00,3,372.34,0.2,1.73,126.78,1.92,26.25,44.32,2.04,forecast,OpenWeather,Islamabad,,,,,,,,,,
2026-10-13 08:00:00,3,347.36,0.13,1.41,129.28,1.91,23.91,39.35,1.71,forecast,OpenWeather,Islamabad,,,,,,,,,,
2026-10-13 09:00:00,3,348.81,0.1,1.71,129.09,2.08,23.85,38.39,1.78,forecast,OpenWeather,Islamabad,,,,,,,,,,
2026-10-13 10:00:00,3,365.68,0.15,2.66,125.87,2.25,24.6,38.53,2.45,forecast,OpenWeather,Islamabad,,,,,,,,,,
2026-10-13 11:00:00,3,396.43,0.23,4.2,120.65,2.36,26.16,40.32,3.51,forecast,OpenWeather,Islamabad,,,,,,,,,,
2026-10-13 12:00:00,3,432.9,0.15,6.45,114.37,2.42,27.56,42.03,3.95,forecast,OpenWeather,Islamabad,,,,,,,,,,
2026-10-13 13:00:00,3,507.39,0.01,11.1,97.5,2.12,29.41,44.83,4.48,forecast,OpenWeather,Islamabad,,,,,,,,,,
2026-10-13 14:00:00,3,609.24,0.0,15.9,78.15,1.71,32.18,49.83,5.13,forecast,OpenWeather,Islamabad,,,,,,,,,,
2026-10-13 15:00:00,3,684.92,0.0,18.18,65.21,1.46,34.83,54.91,5.65,forecast,OpenWeather,Islamabad,,,,,,,,,,
2026-10-13 16:00:00,3,737.51,0.0,18.84,55.73,1.32,37.84,60.09,6.44,forecast,OpenWeather,Islamabad,,,,,,,,,,
2026-10-13 17:00:00,3,787.38,0.0,19.2,47.59,1.27,41.44,65.73,7.4,forecast,OpenWeather,Islamabad,,,,,,,,,,
2026-10-13 18:00:00,3,833.6,0.0,19.91,40.56,1.26,45.01,70.61,8.66,forecast,OpenWeather,Islamabad,,,,,,,,,,
2026-10-13 19:00:00,3,855.77,0.0,19.75,35.42,1.21,47.76,73.17,9.73,forecast,OpenWeather,Islamabad,,,,,,,,,,
2026-10-13 20:00:00,4,857.09,0.0,18.11,33.39,1.12,50.33,74.91,9.69,forecast,OpenWeather,Islamabad,,,,,,,,,,
2026-10-13 21:00:00,4,845.14,0.0,15.85,36.23,1.11,52.84,75.98,9.3,forecast,OpenWeather,Islamabad,,,,,,,,,,
2026-10-13 22:00:00,4,808.54,0.0,13.23,44.03,1.17,53.41,75.08,8.6,forecast,OpenWeather,Islamabad,,,,,,,,,,
2026-10-13 23:00:00,4,786.22,0.0,11.4,43.16,1.0,53.3,73.42,8.03,forecast,OpenWeather,Islamabad,,,,,,,,,,
2026-10-14 00:00:00,4,773.21,0.0,10.31,38.86,0.81,52.92,71.96,7.83,forecast,OpenWeather,Islamabad,,,,,,,,,,
2026-10-14 01:00:00,4,771.37,0.0,9.94,34.07,0.74,52.23,71.19,7.7,forecast,OpenWeather,Islamabad,,,,,,,,,,
2026-10-14 02:00:00,4,798.6,0.06,11.48,28.85,0.86,51.09,72.95,7.12,forecast,OpenWeather,Islamabad,,,,,,,,,,
2026-10-14 03:00:00,3,849.92,1.65,13.09,28.99,1.16,49.91,75.24,7.7,forecast,OpenWeather,Islamabad,,,,,,,,,,
2026-10-14 04:00:00,3,777.32,2.71,10.1,61.32,2.34,45.32,71.77,7.17,forecast,OpenWeather,Islamabad,,,,,,,,,,
2026-10-14 05:00:00,3,738.44,2.32,8.55,80.53,2.57,42.55,69.36,6.06,forecast,OpenWeather,Islamabad,,,,,,,,,,
2026-10-14 06:00:00,3,673.0,1.17,6.14,107.85,2.92,40.97,67.16,5.6,forecast,OpenWeather,Islamabad,,,,,,,,,,
2026-10-14 07:00:00,3,412.41,0.23,1.79,138.16,4.13,26.42,43.18,1.66,forecast,OpenWeather,Islamabad,,,,,,,,,,
2026-10-14 08:00:00,3,348.58,0.15,1.24,138.71,3.29,22.0,35.2,1.18,forecast,OpenWeather,Islamabad,,,,,,,,,,
2026-10-14 09:00:00,3,337.42,0.14,1.31,139.6,3.02,21.61,34.07,1.24,forecast,OpenWeather,Islamabad,,,,,,,,,,
2026-10-14 10:00:00,3,343.08,0.17,1.84,139.07,2.93,22.24,34.7,1.93,forecast,OpenWeather,Islamabad,,,,,,,,,,
2026-10-14 11:00:00,3,357.05,0.2,2.95,135.52,2.9,23.08,35.98,3.1,forecast,OpenWeather,Islamabad,,,,,,,,,,
2026-10-14 12:00:00,3,376.27,0.11,4.8,130.36,2.97,23.43,36.94,4.34,forecast,OpenWeather,Islamabad,,,,,,,,,,
2026-10-14 13:00:00,3,437.95,0.01,9.42,114.74,2.79,24.1,38.76,6.92,forecast,OpenWeather,Islamabad,,,,,,,,,,
2026-10-14 14:00:00,3,525.11,0.0,14.38,95.7,2.44,25.47,42.25,9.77,forecast,OpenWeather,Islamabad,,,,,,,,,,
2026-10-14 15:00:00,3,589.12,0.0,16.92,82.58,2.22,26.93,46.28,11.95,forecast,OpenWeather,Islamabad,,,,,,,,,,
2026-10-14 16:00:00,3,629.83,0.0,17.81,72.02,2.07,28.49,50.18,13.97,forecast,OpenWeather,Islamabad,,,,,,,,,,
2026-10-14 17:00:00,3,664.36,0.0,18.09,63.22,1.9,30.87,54.61,14.98,forecast,OpenWeather,Islamabad,,,,,,,,,,
2026-10-14 18:00:00,3,683.93,0.0,18.01,56.26,1.7,32.39,57.29,15.24,forecast,OpenWeather,Islamabad,,,,,,,,,,
