timestamp,aqi,co,no,no2,o3,so2,pm2_5,pm10,nh3,type,source,city,dew,h,p,pm25,t,w,pollutant,min,max
2025-02-16 00:00:00,54,,,,,,,,,forecast_pm10,AQICN,Lahore,,,,,,,pm10,44.0,58.0
2025-02-16 00:00:00,4,,,,,,,,,forecast_o3,AQICN,Lahore,,,,,,,o3,1.0,30.0
2025-02-16 00:00:00,150,,,,,,,,,forecast_pm25,AQICN,Lahore,,,,,,,pm25,103.0,159.0
2025-02-16 00:00:00,1,,,,,,,,,forecast_uvi,AQICN,Lahore,,,,,,,uvi,0.0,4.0
2025-02-17 00:00:00,4,,,,,,,,,forecast_o3,AQICN,Lahore,,,,,,,o3,1.0,35.0
2025-02-17 00:00:00,56,,,,,,,,,forecast_pm10,AQICN,Lahore,,,,,,,pm10,46.0,72.0
2025-02-17 00:00:00,151,,,,,,,,,forecast_pm25,AQICN,Lahore,,,,,,,pm25,138.0,165.0
2025-02-17 00:00:00,1,,,,,,,,,forecast_uvi,AQICN,Lahore,,,,,,,uvi,0.0,4.0
2025-02-18 00:00:00,5,,,,,,,,,forecast_o3,AQICN,Lahore,,,,,,,o3,1.0,41.0
2025-02-18 00:00:00,47,,,,,,,,,forecast_pm10,AQICN,Lahore,,,,,,,pm10,28.0,58.0
2025-02-18 00:00:00,134,,,,,,,,,forecast_pm25,AQICN,Lahore,,,,,,,pm25,81.0,159.0
2025-02-18 00:00:00,1,,,,,,,,,forecast_uvi,AQICN,Lahore,,,,,,,uvi,0.0,4.0
2025-02-18 18:00:00,34,,,,,,,,,current,AQICN,Lahore,7.0,32.0,1014.0,34.0,24.5,3.0,,,
2025-02-19 00:00:00,51,,,,,,,,,forecast_pm10,AQICN,Lahore,,,,,,,pm10,46.0,58.0
2025-02-19 00:00:00,1,,,,,,,,,forecast_uvi,AQICN,Lahore,,,,,,,uvi,0.0,3.0
2025-02-19 00:00:00,4,,,,,,,,,forecast_o3,AQICN,Lahore,,,,,,,o3,1.0,41.0
2025-02-19 00:00:00,125,,,,,,,,,forecast_pm25,AQICN,Lahore,,,,,,,pm25,89.0,142.0
2025-02-20 00:00:00,150,,,,,,,,,forecast_pm25,AQICN,Lahore,,,,,,,pm25,138.0,159.0
2025-02-20 00:00:00,70,,,,,,,,,forecast_pm10,AQICN,Lahore,,,,,,,pm10,57.0,123.0
2025-02-20 00:00:00,0,,,,,,,,,forecast_uvi,AQICN,Lahore,,,,,,,uvi,0.0,1.0
2025-02-20 00:00:00,7,,,,,,,,,forecast_o3,AQICN,Lahore,,,,,,,o3,1.0,18.0
2025-02-21 00:00:00,66,,,,,,,,,forecast_pm10,AQICN,Lahore,,,,,,,pm10,49.0,77.0
2025-02-21 00:00:00,152,,,,,,,,,forecast_pm25,AQICN,Lahore,,,,,,,pm25,138.0,169.0
2025-02-21 00:00:00,1,,,,,,,,,forecast_uvi,AQICN,Lahore,,,,,,,uvi,0.0,5.0
2025-02-21 00:00:00,4,,,,,,,,,forecast_o3,AQICN,Lahore,,,,,,,o3,1.0,39.0
2025-02-22 00:00:00,56,,,,,,,,,forecast_pm10,AQICN,Lahore,,,,,,,pm10,46.0,73.0
2025-02-22 00:00:00,136,,,,,,,,,forecast_pm25,AQICN,Lahore,,,,,,,pm25,89.0,159.0
2025-02-22 00:00:00,1,,,,,,,,,forecast_o3,AQICN,Lahore,,,,,,,o3,1.0,8.0
2025-02-22 00:00:00,1,,,,,,,,,forecast_uvi,AQICN,Lahore,,,,,,,uvi,0.0,5.0
2025-02-23 00:00:00,0,,,,,,,,,forecast_uvi,AQICN,Lahore,,,,,,,uvi,0.0,0.0
2025-02-23 00:00:00,148,,,,,,,,,forecast_pm25,AQICN,Lahore,,,,,,,pm25,133.0,160.0
2025-02-23 00:00:00,59,,,,,,,,,forecast_pm10,AQICN,Lahore,,,,,,,pm10,46.0,73.0
2025-02-24 00:00:00,69,,,,,,,,,forecast_pm10,AQICN,Lahore,,,,,,,pm10,46.0,73.0
2025-02-24 00:00:00,168,,,,,,,,,forecast_pm25,AQICN,Lahore,,,,,,,pm25,130.0,174.0
2026-10-01 10:00:00,4,181.25,0.24,1.76,102.35,4.32,46.78,148.4,2.38,history,OpenWeather,Lahore,,,,,,,,,
2026-10-01 11:00:00,4,229.56,0.42,3.74,87.62,3.76,48.47,144.98,4.78,history,OpenWeather,Lahore,,,,,,,,,
2026-10-01 12:00:00,4,284.25,0.34,6.73,73.86,3.36,49.47,143.22,6.53,history,OpenWeather,Lahore,,,,,,,,,
2026-10-01 13:00:00,4,349.95,0.03,10.36,59.18,3.1,50.34,142.57,8.22,history,OpenWeather,Lahore,,,,,,,,,
2026-10-01 14:00:00,4,426.25,0.0,12.96,46.18,2.99,52.23,143.82,10.05,history,OpenWeather,Lahore,,,,,,,,,
2026-10-01 15:00:00,4,496.26,0.0,14.73,36.96,2.99,54.31,145.93,11.88,history,OpenWeather,Lahore,,,,,,,,,
2026-10-01 16:00:00,4,540.96,0.0,15.59,30.67,2.94,55.45,146.16,13.18,history,OpenWeather,Lahore,,,,,,,,,
2026-10-01 17:00:00,4,574.11,0.0,15.76,26.42,2.79,56.6,147.12,13.6,history,OpenWeather,Lahore,,,,,,,,,
2026-10-01 18:00:00,4,591.98,0.0,15.61,23.73,2.48,57.04,145.88,13.39,history,OpenWeather,Lahore,,,,,,,,,
2026-10-01 19:00:00,4,574.35,0.0,14.71,22.4,1.98,55.43,139.56,12.51,history,OpenWeather,Lahore,,,,,,,,,
2026-10-01 20:00:00,4,550.03,0.0,13.35,22.55,1.65,53.74,133.86,11.92,history,OpenWeather,Lahore,,,,,,,,,
2026-10-01 21:00:00,4,523.9,0.0,11.89,23.05,1.48,52.29,128.89,11.63,history,OpenWeather,Lahore,,,,,,,,,
2026-10-01 22:00:00,4,500.74,0.0,10.67,23.15,1.38,50.6,123.6,11.48,history,OpenWeather,Lahore,,,,,,,,,
2026-10-01 23:00:00,4,479.53,0.0,9.75,22.72,1.3,49.1,119.65,11.48,history,OpenWeather,Lahore,,,,,,,,,
2026-10-02 00:00:00,4,459.99,0.0,9.11,21.98,1.22,47.76,117.45,11.45,history,OpenWeather,Lahore,,,,,,,,,
2026-10-02 01:00:00,4,444.68,0.0,8.63,20.88,1.19,46.54,116.82,11.2,history,OpenWeather,Lahore,,,,,,,,,
2026-10-02 02:00:00,4,458.61,0.16,8.78,18.94,1.35,46.43,120.84,10.72,history,OpenWeather,Lahore,,,,,,,,,
2026-10-02 03:00:00,4,481.49,1.67,7.93,21.25,1.59,46.63,128.31,10.02,history,OpenWeather,Lahore,,,,,,,,,
2026-10-02 04:00:00,4,475.14,2.65,6.9,30.0,1.78,46.71,136.7,9.15,history,OpenWeather,Lahore,,,,,,,,,
2026-10-02 05:00:00,4,491.3,2.51,6.75,43.06,1.83,49.92,142.24,8.96,history,OpenWeather,Lahore,,,,,,,,,
2026-10-02 06:00:00,4,489.51,1.44,5.79,70.1,1.9,59.41,155.26,8.7,history,OpenWeather,Lahore,,,,,,,,,
2026-10-02 07:00:00,4,189.74,0.2,1.28,109.63,3.03,47.31,171.28,1.99,history,OpenWeather,Lahore,,,,,,,,,
2026-10-02 08:00:00,4,156.76,0.11,0.77,112.79,2.96,45.69,161.68,1.31,history,OpenWeather,Lahore,,,,,,,,,
2026-10-02 09:00:00,4,154.62,0.1,0.76,113.19,3.13,46.51,160.52,1.37,history,OpenWeather,Lahore,,,,,,,,,
2026-10-02 10:00:00,4,187.15,0.23,1.85,104.08,3.16,49.99,162.51,3.18,history,OpenWeather,Lahore,,,,,,,,,
2026-10-02 11:00:00,4,244.69,0.4,3.92,89.99,3.0,54.25,164.35,5.67,history,OpenWeather,Lahore,,,,,,,,,
2026-10-02 12:00:00,4,302.89,0.29,6.89,76.3,2.84,56.96,165.46,7.37,history,OpenWeather,Lahore,,,,,,,,,
2026-10-02 13:00:00,4,374.14,0.02,10.61,61.11,2.75,58.62,165.48,9.27,history,OpenWeather,Lahore,,,,,,,,,
2026-10-02 14:00:00,4,455.17,0.0,13.57,48.26,2.87,60.75,167.0,11.78,history,OpenWeather,Lahore,,,,,,,,,
2026-10-02 15:00:00,4,528.58,0.0,15.74,39.81,3.14,62.87,169.72,14.73,history,OpenWeather,Lahore,,,,,,,,,
2026-10-02 16:00:00,4,576.73,0.0,16.86,33.68,3.32,63.36,169.18,17.33,history,OpenWeather,Lahore,,,,,,,,,
2026-10-02 17:00:00,4,612.74,0.0,17.14,28.24,3.24,64.02,169.04,18.4,history,OpenWeather,Lahore,,,,,,,,,
2026-10-02 18:00:00,4,633.15,0.0,17.31,23.61,2.92,64.28,166.03,18.09,history,OpenWeather,Lahore,,,,,,,,,
2026-10-02 19:00:00,4,624.78,0.0,16.89,20.35,2.39,62.98,158.29,16.38,history,OpenWeather,Lahore,,,,,,,,,
2026-10-02 20:00:00,4,610.24,0.0,15.84,18.84,1.97,61.98,153.79,15.31,history,OpenWeather,Lahore,,,,,,,,,
2026-10-02 21:00:00,4,595.67,0.0,14.6,17.84,1.66,61.34,151.81,14.6,history,OpenWeather,Lahore,,,,,,,,,
2026-10-02 22:00:00,4,586.25,0.0,13.41,16.43,1.38,60.97,151.3,13.78,history,OpenWeather,Lahore,,,,,,,,,
2026-10-02 23:00:00,4,580.59,0.01,12.41,14.93,1.15,60.99,151.94,12.75,history,OpenWeather,Lahore,,,,,,,,,
2026-10-03 00:00:00,4,574.23,0.01,11.63,13.7,0.98,61.0,152.62,11.91,history,OpenWeather,Lahore,,,,,,,,,
2026-10-03 01:00:00,4,573.07,0.04,11.23,11.66,0.86,61.08,151.78,12.18,history,OpenWeather,Lahore,,,,,,,,,
2026-10-03 02:00:00,4,584.97,0.38,10.57,10.85,0.98,61.14,155.12,12.26,history,OpenWeather,Lahore,,,,,,,,,
2026-10-03 03:00:00,4,606.26,2.61,8.13,14.58,1.16,61.62,161.07,11.97,history,OpenWeather,Lahore,,,,,,,,,
2026-10-03 04:00:00,4,586.54,3.19,7.0,25.92,1.35,61.52,167.69,11.09,history,OpenWeather,Lahore,,,,,,,,,
2026-10-03 05:00:00,4,579.68,2.33,6.78,45.33,1.42,65.4,171.4,10.58,history,OpenWeather,Lahore,,,,,,,,,
2026-10-03 06:00:00,5,563.13,1.15,5.43,77.89,1.47,77.74,183.62,10.19,history,OpenWeather,Lahore,,,,,,,,,
2026-10-03 07:00:00,4,227.88,0.2,1.32,110.47,5.67,53.77,166.57,3.39,history,OpenWeather,Lahore,,,,,,,,,
2026-10-03 08:00:00,4,178.9,0.13,0.89,114.07,6.59,49.22,153.54,2.23,history,OpenWeather,Lahore,,,,,,,,,
2026-10-03 09:00:00,4,170.13,0.11,0.86,115.01,6.34,48.34,148.0,2.12,history,OpenWeather,Lahore,,,,,,,,,
2026-10-03 10:00:00,4,185.51,0.18,1.49,109.44,5.78,49.71,145.64,3.31,history,OpenWeather,Lahore,,,,,,,,,
2026-10-03 11:00:00,4,219.03,0.27,2.76,98.6,5.04,52.01,144.46,5.24,history,OpenWeather,Lahore,,,,,,,,,
2026-10-03 12:00:00,4,255.45,0.2,4.72,87.58,4.46,53.63,143.69,6.73,history,OpenWeather,Lahore,,,,,,,,,
2026-10-03 13:00:00,4,309.27,0.02,7.59,71.33,3.86,55.11,142.35,8.59,history,OpenWeather,Lahore,,,,,,,,,
2026-10-03 14:00:00,4,377.59,0.0,10.06,56.2,3.39,57.47,143.19,10.91,history,OpenWeather,Lahore,,,,,,,,,
2026-10-03 15:00:00,4,437.75,0.0,11.79,46.63,3.22,59.89,145.92,13.6,history,OpenWeather,Lahore,,,,,,,,,
2026-10-03 16:00:00,4,477.77,0.0,12.73,40.16,3.2,61.17,147.22,16.46,history,OpenWeather,Lahore,,,,,,,,,
2026-10-03 17:00:00,4,513.51,0.0,13.19,34.24,3.03,62.63,149.46,17.85,history,OpenWeather,Lahore,,,,,,,,,
2026-10-03 18:00:00,4,542.94,0.0,13.56,28.74,2.7,63.75,150.34,17.71,history,OpenWeather,Lahore,,,,,,,,,
2026-10-03 19:00:00,4,548.95,0.0,13.39,23.84,2.19,63.34,147.11,16.35,history,OpenWeather,Lahore,,,,,,,,,
2026-10-03 20:00:00,4,549.03,0.0,12.84,20.16,1.76,63.14,144.96,15.19,history,OpenWeather,Lahore,,,,,,,,,
2026-10-03 21:00:00,4,548.65,0.0,12.15,17.2,1.47,63.19,143.44,14.25,history,OpenWeather,Lahore,,,,,,,,,
2026-10-03 22:00:00,4,546.94,0.01,11.35,14.77,1.22,63.11,141.6,12.7,history,OpenWeather,Lahore,,,,,,,,,
2026-10-03 23:00:00,4,542.64,0.01,10.56,13.04,0.97,62.86,139.38,10.37,history,OpenWeather,Lahore,,,,,,,,,
2026-10-04 00:00:00,4,531.3,0.02,9.82,12.0,0.79,61.97,136.17,8.38,history,OpenWeather,Lahore,,,,,,,,,
2026-10-04 01:00:00,4,514.15,0.05,9.09,11.88,0.72,60.19,132.99,7.43,history,OpenWeather,Lahore,,,,,,,,,
2026-10-04 02:00:00,4,517.49,0.35,8.67,11.83,0.88,59.02,133.47,8.23,history,OpenWeather,Lahore,,,,,,,,,
2026-10-04 03:00:00,4,528.29,2.24,6.72,16.65,1.09,58.24,137.04,9.04,history,OpenWeather,Lahore,,,,,,,,,
2026-10-04 04:00:00,4,442.61,1.74,5.38,38.49,1.61,54.52,144.68,8.92,history,OpenWeather,Lahore,,,,,,,,,
2026-10-04 05:00:00,4,394.8,1.11,4.27,58.77,1.78,54.47,146.24,8.52,history,OpenWeather,Lahore,,,,,,,,,
2026-10-04 06:00:00,4,360.68,0.58,3.02,81.59,1.87,59.35,151.87,8.18,history,OpenWeather,Lahore,,,,,,,,,
2026-10-04 07:00:00,4,210.77,0.2,1.22,103.27,3.73,47.16,145.27,4.15,history,OpenWeather,Lahore,,,,,,,,,
2026-10-04 08:00:00,4,171.83,0.14,0.91,106.75,4.12,42.63,136.32,3.11,history,OpenWeather,Lahore,,,,,,,,,
2026-10-04 09:00:00,4,161.16,0.13,0.88,107.68,3.96,41.03,131.09,2.87,history,OpenWeather,Lahore,,,,,,,,,
2026-10-04 10:00:00,4,171.73,0.19,1.41,102.39,3.69,41.32,128.46,3.78,history,OpenWeather,Lahore,,,,,,,,,
2026-10-04 11:00:00,4,201.51,0.29,2.61,92.07,3.32,43.02,128.32,5.48,history,OpenWeather,Lahore,,,,,,,,,
2026-10-04 12:00:00,4,233.82,0.23,4.5,81.5,3.09,44.03,128.55,6.82,history,OpenWeather,Lahore,,,,,,,,,
2026-10-04 13:00:00,4,279.04,0.02,7.25,67.71,2.86,44.72,128.21,8.39,history,OpenWeather,Lahore,,,,,,,,,
2026-10-04 14:00:00,4,334.44,0.0,9.41,54.68,2.64,46.05,128.56,10.21,history,OpenWeather,Lahore,,,,,,,,,
2026-10-04 15:00:00,4,382.98,0.0,10.73,46.13,2.52,47.54,129.75,11.87,history,OpenWeather,Lahore,,,,,,,,,
2026-10-04 16:00:00,4,413.52,0.0,11.27,40.4,2.4,48.16,129.25,12.82,history,OpenWeather,Lahore,,,,,,,,,
2026-10-04 17:00:00,4,440.86,0.0,11.51,35.46,2.27,49.11,129.18,12.98,history,OpenWeather,Lahore,,,,,,,,,
2026-10-04 18:00:00,4,464.81,0.0,11.79,30.36,2.04,49.93,127.58,12.45,history,OpenWeather,Lahore,,,,,,,,,
2026-10-04 19:00:00,4,471.88,0.0,11.67,25.4,1.64,49.72,122.66,11.09,history,OpenWeather,Lahore,,,,,,,,,
2026-10-04 20:00:00,4,477.08,0.01,11.32,21.43,1.33,49.77,119.45,10.15,history,OpenWeather,Lahore,,,,,,,,,
2026-10-04 21:00:00,4,478.51,0.01,10.73,18.38,1.12,49.95,117.18,9.33,history,OpenWeather,Lahore,,,,,,,,,
2026-10-04 22:00:00,4,473.87,0.01,10.0,16.31,0.96,49.79,115.04,8.59,history,OpenWeather,Lahore,,,,,,,,,
2026-10-04 23:00:00,4,464.86,0.01,9.34,15.5,0.88,49.51,113.79,8.13,history,OpenWeather,Lahore,,,,,,,,,
2026-10-05 00:00:00,4,452.15,0.02,8.79,15.73,0.86,48.84,113.31,7.68,history,OpenWeather,Lahore,,,,,,,,,
2026-10-05 01:00:00,4,430.01,0.03,8.01,18.24,0.94,47.56,115.4,7.28,history,OpenWeather,Lahore,,,,,,,,,
2026-10-05 02:00:00,4,430.33,0.27,7.69,19.66,1.11,46.98,119.07,7.67,history,OpenWeather,Lahore,,,,,,,,,
2026-10-05 03:00:00,4,440.74,1.85,6.23,24.53,1.37,46.69,124.92,8.24,history,OpenWeather,Lahore,,,,,,,,,
2026-10-05 04:00:00,4,375.08,1.69,5.18,41.52,1.88,43.68,131.48,8.04,history,OpenWeather,Lahore,,,,,,,,,
2026-10-05 05:00:00,4,339.66,1.14,4.26,59.84,2.05,44.57,134.97,7.85,history,OpenWeather,Lahore,,,,,,,,,
2026-10-05 06:00:00,4,305.16,0.58,2.94,82.16,2.22,49.4,141.9,7.39,history,OpenWeather,Lahore,,,,,,,,,
2026-10-05 07:00:00,4,201.16,0.23,1.37,98.84,3.36,44.25,143.28,4.74,history,OpenWeather,Lahore,,,,,,,,,
2026-10-05 08:00:00,4,173.17,0.16,1.05,105.01,4.18,42.89,138.62,3.73,history,OpenWeather,Lahore,,,,,,,,,
2026-10-05 09:00:00,4,164.26,0.14,0.99,107.56,4.23,42.52,135.94,3.47,history,OpenWeather,Lahore,,,,,,,,,
2026-10-05 10:00:00,4,164.28,0.16,1.25,107.72,4.09,41.43,130.73,3.49,history,OpenWeather,Lahore,,,,,,,,,
2026-10-05 11:00:00,4,173.99,0.19,1.97,102.9,3.81,40.09,124.36,3.95,history,OpenWeather,Lahore,,,,,,,,,
2026-10-05 12:00:00,4,188.97,0.14,3.28,95.89,3.54,38.89,120.1,4.49,history,OpenWeather,Lahore,,,,,,,,,
2026-10-05 13:00:00,4,228.0,0.01,5.88,82.35,3.25,38.47,116.61,5.71,history,OpenWeather,Lahore,,,,,,,,,
2026-10-05 14:00:00,4,287.27,0.0,8.56,67.47,3.01,39.39,115.06,7.43,history,OpenWeather,Lahore,,,,,,,,,
2026-10-05 15:00:00,4,339.61,0.0,10.34,56.98,2.86,40.53,114.77,8.84,history,OpenWeather,Lahore,,,,,,,,,
2026-10-05 16:00:00,4,381.49,0.0,11.57,47.65,2.73,41.38,113.78,10.06,history,OpenWeather,Lahore,,,,,,,,,
2026-10-05 17:00:00,4,423.51,0.0,12.57,40.08,2.74,42.78,114.78,11.16,history,OpenWeather,Lahore,,,,,,,,,
2026-10-05 18:00:00,4,453.63,0.0,13.23,34.4,2.7,43.86,115.32,11.63,history,OpenWeather,Lahore,,,,,,,,,
2026-10-05 19:00:00,4,454.9,0.0,13.04,30.16,2.48,43.6,112.7,11.19,history,OpenWeather,Lahore,,,,,,,,,
2026-10-05 20:00:00,4,444.5,0.0,12.27,27.42,2.24,42.98,109.58,10.79,history,OpenWeather,Lahore,,,,,,,,,
2026-10-05 21:00:00,4,426.75,0.0,11.19,26.0,2.02,42.17,107.02,10.46,history,OpenWeather,Lahore,,,,,,,,,
2026-10-05 22:00:00,4,396.18,0.0,9.65,27.82,1.83,40.81,105.86,9.91,history,OpenWeather,Lahore,,,,,,,,,
2026-10-05 23:00:00,4,368.91,0.0,8.38,29.9,1.59,39.62,104.48,9.76,history,OpenWeather,Lahore,,,,,,,,,
2026-10-06 00:00:00,4,339.51,0.0,7.22,32.86,1.41,38.28,104.12,9.66,history,OpenWeather,Lahore,,,,,,,,,
2026-10-06 01:00:00,4,306.28,0.0,6.13,36.51,1.33,36.6,105.08,9.28,history,OpenWeather,Lahore,,,,,,,,,
2026-10-06 02:00:00,4,285.38,0.04,5.61,39.45,1.39,35.32,107.98,8.74,history,OpenWeather,Lahore,,,,,,,,,
2026-10-06 03:00:00,4,262.39,0.48,4.81,45.24,1.56,33.74,111.55,7.77,history,OpenWeather,Lahore,,,,,,,,,
2026-10-06 04:00:00,4,213.94,0.65,3.29,57.25,1.85,31.71,114.63,6.18,history,OpenWeather,Lahore,,,,,,,,,
2026-10-06 05:00:00,4,196.47,0.54,2.49,68.32,2.09,32.06,116.67,5.59,history,OpenWeather,Lahore,,,,,,,,,
2026-10-06 06:00:00,4,186.34,0.36,1.83,81.37,2.38,34.58,120.18,5.12,history,OpenWeather,Lahore,,,,,,,,,
2026-10-06 07:00:00,4,147.08,0.15,0.91,98.17,3.32,31.08,100.76,2.57,history,OpenWeather,Lahore,,,,,,,,,
2026-10-06 08:00:00,3,132.81,0.11,0.68,103.01,3.01,28.26,87.68,1.71,history,OpenWeather,Lahore,,,,,,,,,
2026-10-06 09:00:00,3,128.51,0.1,0.68,103.66,2.62,26.98,82.71,1.51,history,OpenWeather,Lahore,,,,,,,,,
2026-10-06 09:00:00,3,128.51,0.1,0.68,103.66,2.62,26.98,82.71,1.51,forecast,OpenWeather,Lahore,,,,,,,,,
2026-10-06 09:33:15,3,133.63,0.13,0.98,102.82,2.46,26.89,81.78,1.82,current,OpenWeather,Lahore,,,,,,,,,
2026-10-06 10:00:00,3,133.63,0.13,0.98,102.82,2.46,26.89,81.78,1.82,forecast,OpenWeather,Lahore,,,,,,,,,
2026-10-06 11:00:00,3,147.57,0.17,1.72,98.41,2.43,27.36,82.48,2.59,forecast,OpenWeather,Lahore,,,,,,,,,
2026-10-06 12:00:00,3,164.57,0.12,2.96,92.28,2.41,27.6,83.59,3.29,forecast,OpenWeather,Lahore,,,,,,,,,
2026-10-06 13:00:00,3,204.69,0.01,5.58,79.83,2.36,27.96,83.47,4.72,forecast,OpenWeather,Lahore,,,,,,,,,
2026-10-06 14:00:00,3,263.79,0.0,8.4,66.14,2.35,28.92,83.68,6.65,forecast,OpenWeather,Lahore,,,,,,,,,
2026-10-06 15:00:00,3,315.67,0.0,10.37,56.5,2.4,29.97,84.52,8.28,forecast,OpenWeather,Lahore,,,,,,,,,
2026-10-06 16:00:00,3,348.55,0.0,11.49,48.86,2.44,30.33,84.05,9.32,forecast,OpenWeather,Lahore,,,,,,,,,
2026-10-06 17:00:00,3,371.08,0.0,12.07,44.43,2.67,30.73,84.28,9.78,forecast,OpenWeather,Lahore,,,,,,,,,
2026-10-06 18:00:00,3,381.14,0.0,12.33,42.08,3.05,30.91,84.21,9.86,forecast,OpenWeather,Lahore,,,,,,,,,
2026-10-06 19:00:00,3,359.15,0.0,11.11,42.03,3.37,30.29,82.86,9.44,forecast,OpenWeather,Lahore,,,,,,,,,
2026-10-06 20:00:00,3,349.53,0.0,10.14,38.97,2.99,30.08,79.99,9.76,forecast,OpenWeather,Lahore,,,,,,,,,
2026-10-06 21:00:00,3,332.86,0.0,8.67,38.54,2.72,29.57,76.69,9.77,forecast,OpenWeather,Lahore,,,,,,,,,
2026-10-06 22:00:00,3,309.29,0.0,7.15,41.89,3.21,28.43,69.37,8.76,forecast,OpenWeather,Lahore,,,,,,,,,
2026-10-06 23:00:00,3,299.14,0.0,6.32,43.82,3.39,28.21,64.28,8.13,forecast,OpenWeather,Lahore,,,,,,,,,
2026-10-07 00:00:00,3,291.99,0.0,5.9,44.07,3.38,28.48,63.33,7.21,forecast,OpenWeather,Lahore,,,,,,,,,
2026-10-07 01:00:00,3,281.58,0.0,5.65,43.41,3.13,29.04,65.73,6.31,forecast,OpenWeather,Lahore,,,,,,,,,
2026-10-07 02:00:00,3,290.04,0.04,6.15,39.55,2.8,30.54,70.58,6.73,forecast,OpenWeather,Lahore,,,,,,,,,
2026-10-07 03:00:00,3,310.88,0.73,6.4,37.49,2.7,32.11,76.47,7.32,forecast,OpenWeather,Lahore,,,,,,,,,
2026-10-07 04:00:00,3,318.22,1.56,5.72,42.73,2.91,33.79,83.76,7.3,forecast,OpenWeather,Lahore,,,,,,,,,
2026-10-07 05:00:00,3,314.82,1.45,4.93,56.39,3.24,37.06,92.08,7.04,forecast,OpenWeather,Lahore,,,,,,,,,
2026-10-07 06:00:00,4,315.78,0.89,3.86,78.02,3.44,44.9,103.6,6.94,forecast,OpenWeather,Lahore,,,,,,,,,
2026-10-07 07:00:00,4,193.86,0.23,1.36,100.54,3.06,36.41,103.24,3.15,forecast,OpenWeather,Lahore,,,,,,,,,
2026-10-07 08:00:00,3,166.18,0.14,0.91,104.01,2.67,33.12,94.86,2.39,forecast,OpenWeather,Lahore,,,,,,,,,
2026-10-07 09:00:00,3,165.84,0.13,0.92,106.14,2.66,34.12,94.37,2.44,forecast,OpenWeather,Lahore,,,,,,,,,
2026-10-07 10:00:00,3,172.97,0.13,1.08,108.75,2.82,35.97,95.9,2.65,forecast,OpenWeather,Lahore,,,,,,,,,
2026-10-07 11:00:00,3,180.88,0.12,1.41,109.25,3.01,37.34,96.79,2.92,forecast,OpenWeather,Lahore,,,,,,,,,
2026-10-07 12:00:00,3,189.53,0.06,1.99,108.13,3.22,38.17,97.24,3.2,forecast,OpenWeather,Lahore,,,,,,,,,
2026-10-07 13:00:00,3,246.56,0.01,4.92,94.91,3.42,41.57,98.95,5.17,forecast,OpenWeather,Lahore,,,,,,,,,
2026-10-07 14:00:00,4,341.78,0.0,8.61,78.11,3.62,48.09,104.1,8.04,forecast,OpenWeather,Lahore,,,,,,,,,
2026-10-07 15:00:00,4,431.82,0.0,11.0,67.1,3.79,55.25,110.97,10.56,forecast,OpenWeather,Lahore,,,,,,,,,
2026-10-07 16:00:00,4,513.96,0.0,12.73,57.75,3.75,62.52,117.67,12.85,forecast,OpenWeather,Lahore,,,,,,,,,
2026-10-07 17:00:00,4,604.18,0.0,14.25,48.83,3.56,71.1,126.57,14.28,forecast,OpenWeather,Lahore,,,,,,,,,
2026-10-07 18:00:00,5,683.94,0.0,15.36,41.28,3.26,79.35,134.77,14.1,forecast,OpenWeather,Lahore,,,,,,,,,
2026-10-07 19:00:00,5,726.33,0.0,15.39,35.0,2.75,84.73,138.24,12.81,forecast,OpenWeather,Lahore,,,,,,,,,
2026-10-07 20:00:00,5,755.12,0.0,14.72,30.14,2.32,89.43,141.23,12.08,forecast,OpenWeather,Lahore,,,,,,,,,
2026-10-07 21:00:00,5,783.29,0.0,13.89,26.37,2.07,94.26,145.02,11.93,forecast,OpenWeather,Lahore,,,,,,,,,
2026-10-07 22:00:00,5,810.99,0.0,13.1,23.41,1.89,98.75,148.79,11.98,forecast,OpenWeather,Lahore,,,,,,,,,
2026-10-07 23:00:00,5,840.79,0.0,12.38,21.19,1.75,103.38,153.18,11.23,forecast,OpenWeather,Lahore,,,,,,,,,
2026-10-08 00:00:00,5,871.57,0.01,11.87,19.62,1.65,107.75,157.19,9.86,forecast,OpenWeather,Lahore,,,,,,,,,
2026-10-08 01:00:00,5,905.51,0.02,11.58,18.11,1.66,111.58,160.61,8.51,forecast,OpenWeather,Lahore,,,,,,,,,
2026-10-08 02:00:00,5,961.21,0.18,11.95,16.21,1.96,115.39,165.83,8.63,forecast,OpenWeather,Lahore,,,,,,,,,
2026-10-08 03:00:00,5,1012.3,1.6,11.26,21.72,2.65,118.15,170.73,9.37,forecast,OpenWeather,Lahore,,,,,,,,,
2026-10-08 04:00:00,5,842.23,1.24,8.27,65.26,6.78,113.96,165.52,8.58,forecast,OpenWeather,Lahore,,,,,,,,,
2026-10-08 05:00:00,5,781.08,0.93,6.33,91.89,7.62,115.94,167.14,8.32,forecast,OpenWeather,Lahore,,,,,,,,,
2026-10-08 06:00:00,5,763.8,0.55,4.63,119.59,7.53,123.12,174.69,8.44,forecast,OpenWeather,Lahore,,,,,,,,,
2026-10-08 07:00:00,5,408.13,0.16,1.53,134.92,7.41,82.72,137.18,3.52,forecast,OpenWeather,Lahore,,,,,,,,,
2026-10-08 08:00:00,4,329.32,0.1,1.06,131.1,5.83,70.55,124.57,2.49,forecast,OpenWeather,Lahore,,,,,,,,,
2026-10-08 09:00:00,4,313.55,0.09,1.09,129.52,5.4,66.5,118.5,2.36,forecast,OpenWeather,Lahore,,,,,,,,,
2026-10-08 10:00:00,4,311.75,0.09,1.27,129.16,5.24,64.31,115.51,2.47,forecast,OpenWeather,Lahore,,,,,,,,,
2026-10-08 11:00:00,4,313.98,0.08,1.66,127.51,5.2,63.23,114.41,2.77,forecast,OpenWeather,Lahore,,,,,,,,,
2026-10-08 12:00:00,4,318.92,0.04,2.3,124.64,5.29,62.29,113.59,3.11,forecast,OpenWeather,Lahore,,,,,,,,,
2026-10-08 13:00:00,4,354.79,0.0,4.4,114.17,5.22,63.25,113.67,4.55,forecast,OpenWeather,Lahore,,,,,,,,,
2026-10-08 14:00:00,4,414.46,0.0,6.84,101.43,5.09,66.29,115.43,6.74,forecast,OpenWeather,Lahore,,,,,,,,,
2026-10-08 15:00:00,4,469.65,0.0,8.3,92.42,5.08,69.71,117.68,8.68,forecast,OpenWeather,Lahore,,,,,,,,,
2026-10-08 16:00:00,4,514.75,0.0,9.07,82.93,4.88,72.47,118.5,10.27,forecast,OpenWeather,Lahore,,,,,,,,,
2026-10-08 17:00:00,5,563.97,0.0,9.66,72.81,4.45,75.94,120.96,11.33,forecast,OpenWeather,Lahore,,,,,,,,,
2026-10-08 18:00:00,5,603.29,0.0,9.99,64.34,3.96,78.92,122.75,11.56,forecast,OpenWeather,Lahore,,,,,,,,,
2026-10-08 19:00:00,5,613.95,0.0,9.59,57.51,3.37,80.17,122.01,10.77,forecast,OpenWeather,Lahore,,,,,,,,,
2026-10-08 20:00:00,5,619.02,0.0,9.05,51.09,2.81,81.14,121.3,9.7,forecast,OpenWeather,Lahore,,,,,,,,,
2026-10-08 21:00:00,5,626.41,0.0,8.59,44.74,2.31,81.96,121.01,8.44,forecast,OpenWeather,Lahore,,,,,,,,,
2026-10-08 22:00:00,5,631.84,0.0,8.2,39.12,1.93,82.18,120.34,7.2,forecast,OpenWeather,Lahore,,,,,,,,,
2026-10-08 23:00:00,5,632.55,0.0,7.67,36.52,1.78,82.37,119.74,6.25,forecast,OpenWeather,Lahore,,,,,,,,,
2026-10-09 00:00:00,5,615.47,0.0,6.93,38.62,1.89,81.97,118.55,5.52,forecast,OpenWeather,Lahore,,,,,,,,,
2026-10-09 01:00:00,5,550.16,0.0,5.53,56.36,3.23,79.92,116.23,4.84,forecast,OpenWeather,Lahore,,,,,,,,,
2026-10-09 02:00:00,5,535.59,0.04,5.71,57.72,3.7,79.43,116.27,5.17,forecast,OpenWeather,Lahore,,,,,,,,,
2026-10-09 03:00:00,5,542.85,0.72,6.21,54.76,4.08,79.13,117.95,5.76,forecast,OpenWeather,Lahore,,,,,,,,,
2026-10-09 04:00:00,5,507.34,1.13,5.55,59.86,5.01,76.39,121.26,5.89,forecast,OpenWeather,Lahore,,,,,,,,,
2026-10-09 05:00:00,4,467.91,1.07,4.79,71.32,5.93,74.34,124.69,5.8,forecast,OpenWeather,Lahore,,,,,,,,,
2026-10-09 06:00:00,5,426.52,0.7,3.74,90.52,6.85,75.08,131.02,5.51,forecast,OpenWeather,Lahore,,,,,,,,,
2026-10-09 07:00:00,4,298.93,0.27,1.89,118.06,7.89,64.22,136.17,3.36,forecast,OpenWeather,Lahore,,,,,,,,,
2026-10-09 08:00:00,4,251.77,0.17,1.36,122.85,6.87,57.91,131.47,2.64,forecast,OpenWeather,Lahore,,,,,,,,,
2026-10-09 09:00:00,4,238.17,0.14,1.33,125.31,6.49,55.74,127.12,2.45,forecast,OpenWeather,Lahore,,,,,,,,,
2026-10-09 10:00:00,4,231.07,0.14,1.58,124.16,6.02,52.05,117.34,2.51,forecast,OpenWeather,Lahore,,,,,,,,,
2026-10-09 11:00:00,4,230.13,0.14,2.21,119.13,5.53,48.35,107.55,2.86,forecast,OpenWeather,Lahore,,,,,,,,,
2026-10-09 12:00:00,4,241.67,0.08,3.41,115.0,5.58,47.56,103.78,3.3,forecast,OpenWeather,Lahore,,,,,,,,,
2026-10-09 13:00:00,4,286.11,0.01,5.77,106.69,5.75,50.4,103.59,4.52,forecast,OpenWeather,Lahore,,,,,,,,,
2026-10-09 14:00:00,4,348.96,0.0,8.06,96.87,5.85,55.24,105.24,6.17,forecast,OpenWeather,Lahore,,,,,,,,,
2026-10-09 15:00:00,4,394.8,0.0,9.12,89.88,5.92,59.01,106.43,7.42,forecast,OpenWeather,Lahore,,,,,,,,,
2026-10-09 16:00:00,4,408.13,0.0,9.03,83.73,6.05,60.15,105.01,8.05,forecast,OpenWeather,Lahore,,,,,,,,,
2026-10-09 17:00:00,4,405.87,0.0,8.6,79.3,6.46,60.36,104.28,8.37,forecast,OpenWeather,Lahore,,,,,,,,,
2026-10-09 18:00:00,4,393.86,0.0,8.04,76.1,6.83,60.8,104.44,8.37,forecast,OpenWeather,Lahore,,,,,,,,,
2026-10-09 19:00:00,4,366.51,0.0,6.57,77.45,7.37,62.83,107.01,7.81,forecast,OpenWeather,Lahore,,,,,,,,,
2026-10-09 20:00:00,4,362.62,0.0,5.44,78.84,7.35,68.94,112.17,7.46,forecast,OpenWeather,Lahore,,,,,,,,,
2026-10-09 21:00:00,5,379.43,0.0,4.49,81.63,7.35,79.44,120.84,6.94,forecast,OpenWeather,Lahore,,,,,,,,,
2026-10-09 22:00:00,5,409.5,0.0,3.78,84.51,7.48,92.17,131.22,6.12,forecast,OpenWeather,Lahore,,,,,,,,,
2026-10-09 23:00:00,5,447.71,0.0,3.33,85.87,7.56,105.32,141.65,5.21,forecast,OpenWeather,Lahore,,,,,,,,,
2026-10-10 00:00:00,5,485.57,0.0,3.08,85.02,7.57,116.58,150.21,4.26,forecast,OpenWeather,Lahore,,,,,,,,,
2026-10-10 01:00:00,5,517.28,0.0,3.04,81.02,7.53,123.51,154.52,3.57,forecast,OpenWeather,Lahore,,,,,,,,,
2026-10-10 02:00:00,5,547.25,0.01,3.51,74.97,7.74,126.48,156.35,3.41,forecast,OpenWeather,Lahore,,,,,,,,,
2026-10-10 03:00:00,5,571.87,0.16,4.36,70.52,8.32,126.17,156.42,3.35,forecast,OpenWeather,Lahore,,,,,,,,,
2026-10-10 04:00:00,5,578.67,0.45,4.59,75.67,9.35,123.68,155.48,3.2,forecast,OpenWeather,Lahore,,,,,,,,,
2026-10-10 05:00:00,5,572.75,0.51,4.18,90.66,9.87,121.72,154.71,3.18,forecast,OpenWeather,Lahore,,,,,,,,,
2026-10-10 06:00:00,5,553.96,0.39,3.4,112.07,10.25,122.05,157.05,3.02,forecast,OpenWeather,Lahore,,,,,,,,,
2026-10-10 07:00:00,5,421.79,0.22,2.3,131.21,9.83,98.27,148.59,2.11,forecast,OpenWeather,Lahore,,,,,,,,,
2026-10-10 08:00:00,5,339.79,0.14,1.81,135.14,8.61,81.75,136.75,1.74,forecast,OpenWeather,Lahore,,,,,,,,,
