timestamp,aqi,co,no,no2,o3,so2,pm2_5,pm10,nh3,type,source,city,dew,h,p,pm25,t,w,pollutant,min,max,r
2025-03-02 00:00:00,93,,,,,,,,,forecast_pm10,AQICN,Karachi,,,,,,,pm10,73.0,123.0,
2025-03-02 00:00:00,15,,,,,,,,,forecast_o3,AQICN,Karachi,,,,,,,o3,6.0,48.0,
2025-03-02 00:00:00,138,,,,,,,,,forecast_pm25,AQICN,Karachi,,,,,,,pm25,89.0,158.0,
2025-03-02 00:00:00,1,,,,,,,,,forecast_uvi,AQICN,Karachi,,,,,,,uvi,0.0,6.0,
2025-03-03 00:00:00,19,,,,,,,,,forecast_o3,AQICN,Karachi,,,,,,,o3,17.0,23.0,
2025-03-03 00:00:00,213,,,,,,,,,forecast_pm10,AQICN,Karachi,,,,,,,pm10,62.0,396.0,
2025-03-03 00:00:00,169,,,,,,,,,forecast_pm25,AQICN,Karachi,,,,,,,pm25,89.0,252.0,
2025-03-03 00:00:00,1,,,,,,,,,forecast_uvi,AQICN,Karachi,,,,,,,uvi,0.0,6.0,
2025-03-04 00:00:00,13,,,,,,,,,forecast_o3,AQICN,Karachi,,,,,,,o3,4.0,36.0,
2025-03-04 00:00:00,384,,,,,,,,,forecast_pm10,AQICN,Karachi,,,,,,,pm10,322.0,396.0,
2025-03-04 00:00:00,225,,,,,,,,,forecast_pm25,AQICN,Karachi,,,,,,,pm25,180.0,252.0,
2025-03-04 00:00:00,2,,,,,,,,,forecast_uvi,AQICN,Karachi,,,,,,,uvi,0.0,7.0,
2025-03-04 16:00:00,161,,,,,,,,,current,AQICN,Karachi,-19.0,3.0,1016.0,161.0,31.0,5.1,,,,
2025-03-05 00:00:00,15,,,,,,,,,forecast_o3,AQICN,Karachi,,,,,,,o3,11.0,52.0,
2025-03-05 00:00:00,191,,,,,,,,,forecast_pm25,AQICN,Karachi,,,,,,,pm25,174.0,241.0,
2025-03-05 00:00:00,342,,,,,,,,,forecast_pm10,AQICN,Karachi,,,,,,,pm10,201.0,396.0,
2025-03-05 00:00:00,2,,,,,,,,,forecast_uvi,AQICN,Karachi,,,,,,,uvi,0.0,8.0,
2025-03-06 00:00:00,2,,,,,,,,,forecast_uvi,AQICN,Karachi,,,,,,,uvi,0.0,8.0,
2025-03-06 00:00:00,136,,,,,,,,,forecast_pm10,AQICN,Karachi,,,,,,,pm10,73.0,335.0,
2025-03-06 00:00:00,15,,,,,,,,,forecast_o3,AQICN,Karachi,,,,,,,o3,5.0,28.0,
2025-03-06 00:00:00,137,,,,,,,,,forecast_pm25,AQICN,Karachi,,,,,,,pm25,89.0,174.0,
2025-03-07 00:00:00,8,,,,,,,,,forecast_o3,AQICN,Karachi,,,,,,,o3,1.0,56.0,
2025-03-07 00:00:00,146,,,,,,,,,forecast_pm25,AQICN,Karachi,,,,,,,pm25,104.0,170.0,
2025-03-07 00:00:00,2,,,,,,,,,forecast_uvi,AQICN,Karachi,,,,,,,uvi,0.0,9.0,
2025-03-07 00:00:00,162,,,,,,,,,forecast_pm10,AQICN,Karachi,,,,,,,pm10,90.0,322.0,
2025-03-08 00:00:00,133,,,,,,,,,forecast_pm10,AQICN,Karachi,,,,,,,pm10,101.0,396.0,
2025-03-08 00:00:00,148,,,,,,,,,forecast_pm25,AQICN,Karachi,,,,,,,pm25,138.0,174.0,
2025-03-08 00:00:00,9,,,,,,,,,forecast_o3,AQICN,Karachi,,,,,,,o3,5.0,30.0,
2025-03-08 00:00:00,2,,,,,,,,,forecast_uvi,AQICN,Karachi,,,,,,,uvi,0.0,9.0,
2025-03-09 00:00:00,0,,,,,,,,,forecast_uvi,AQICN,Karachi,,,,,,,uvi,0.0,0.0,
2025-03-09 00:00:00,123,,,,,,,,,forecast_pm10,AQICN,Karachi,,,,,,,pm10,123.0,123.0,
2025-03-09 00:00:00,12,,,,,,,,,forecast_o3,AQICN,Karachi,,,,,,,o3,11.0,14.0,
2025-03-09 00:00:00,149,,,,,,,,,forecast_pm25,AQICN,Karachi,,,,,,,pm25,138.0,159.0,
2025-03-10 00:00:00,121,,,,,,,,,forecast_pm10,AQICN,Karachi,,,,,,,pm10,73.0,123.0,
2025-03-10 00:00:00,138,,,,,,,,,forecast_pm25,AQICN,Karachi,,,,,,,pm25,138.0,138.0,
2026-10-01 10:00:00,2,79.92,0.01,0.03,56.86,0.09,4.62,21.57,0.0,history,OpenWeather,Karachi,,,,,,,,,,
2026-10-01 11:00:00,2,79.85,0.01,0.03,56.72,0.09,4.49,20.7,0.0,history,OpenWeather,Karachi,,,,,,,,,,
2026-10-01 12:00:00,1,79.81,0.0,0.04,56.81,0.09,4.37,19.89,0.0,history,OpenWeather,Karachi,,,,,,,,,,
2026-10-01 13:00:00,1,79.83,0.0,0.04,57.23,0.09,4.26,19.13,0.0,history,OpenWeather,Karachi,,,,,,,,,,
2026-10-01 14:00:00,1,79.82,0.0,0.05,57.63,0.09,4.17,18.4,0.0,history,OpenWeather,Karachi,,,,,,,,,,
2026-10-01 15:00:00,1,79.95,0.0,0.05,58.26,0.09,4.07,17.66,0.0,history,OpenWeather,Karachi,,,,,,,,,,
2026-10-01 16:00:00,1,79.88,0.0,0.05,58.73,0.09,3.99,17.0,0.0,history,OpenWeather,Karachi,,,,,,,,,,
2026-10-01 17:00:00,1,79.93,0.0,0.05,58.86,0.1,3.95,16.67,0.0,history,OpenWeather,Karachi,,,,,,,,,,
2026-10-01 18:00:00,1,79.86,0.0,0.05,58.65,0.11,3.92,16.47,0.0,history,OpenWeather,Karachi,,,,,,,,,,
2026-10-01 19:00:00,1,79.63,0.0,0.05,58.16,0.11,3.87,16.17,0.0,history,OpenWeather,Karachi,,,,,,,,,,
2026-10-01 20:00:00,1,79.55,0.0,0.05,57.75,0.12,3.81,15.83,0.0,history,OpenWeather,Karachi,,,,,,,,,,
2026-10-01 21:00:00,1,79.47,0.0,0.05,57.41,0.13,3.75,15.49,0.0,history,OpenWeather,Karachi,,,,,,,,,,
2026-10-01 22:00:00,1,79.21,0.0,0.05,56.94,0.13,3.68,15.15,0.0,history,OpenWeather,Karachi,,,,,,,,,,
2026-10-01 23:00:00,1,78.93,0.0,0.05,56.47,0.14,3.61,14.91,0.0,history,OpenWeather,Karachi,,,,,,,,,,
2026-10-02 00:00:00,1,78.81,0.0,0.05,56.12,0.15,3.57,14.78,0.0,history,OpenWeather,Karachi,,,,,,,,,,
2026-10-02 01:00:00,1,78.56,0.0,0.05,55.88,0.15,3.54,14.73,0.0,history,OpenWeather,Karachi,,,,,,,,,,
2026-10-02 02:00:00,1,78.28,0.0,0.05,55.73,0.15,3.51,14.66,0.0,history,OpenWeather,Karachi,,,,,,,,,,
2026-10-02 03:00:00,1,78.12,0.0,0.05,55.8,0.14,3.48,14.48,0.0,history,OpenWeather,Karachi,,,,,,,,,,
2026-10-02 04:00:00,1,77.93,0.01,0.04,56.1,0.14,3.43,14.21,0.0,history,OpenWeather,Karachi,,,,,,,,,,
2026-10-02 05:00:00,1,77.86,0.01,0.04,56.41,0.13,3.39,13.97,0.0,history,OpenWeather,Karachi,,,,,,,,,,
2026-10-02 06:00:00,1,77.76,0.01,0.03,56.37,0.13,3.35,13.74,0.0,history,OpenWeather,Karachi,,,,,,,,,,
2026-10-02 07:00:00,1,77.36,0.01,0.03,55.97,0.12,3.3,13.45,0.0,history,OpenWeather,Karachi,,,,,,,,,,
2026-10-02 08:00:00,1,77.13,0.01,0.03,55.51,0.12,3.26,13.23,0.0,history,OpenWeather,Karachi,,,,,,,,,,
2026-10-02 09:00:00,1,76.82,0.0,0.02,55.08,0.12,3.23,13.1,0.0,history,OpenWeather,Karachi,,,,,,,,,,
2026-10-02 10:00:00,1,76.93,0.0,0.02,55.0,0.12,3.22,13.07,0.0,history,OpenWeather,Karachi,,,,,,,,,,
2026-10-02 11:00:00,1,76.88,0.0,0.03,54.88,0.12,3.2,13.03,0.0,history,OpenWeather,Karachi,,,,,,,,,,
2026-10-02 12:00:00,1,76.86,0.0,0.03,54.92,0.13,3.18,12.98,0.0,history,OpenWeather,Karachi,,,,,,,,,,
2026-10-02 13:00:00,1,76.87,0.0,0.04,55.11,0.13,3.16,12.96,0.0,history,OpenWeather,Karachi,,,,,,,,,,
2026-10-02 14:00:00,1,76.81,0.0,0.05,54.91,0.14,3.15,12.92,0.0,history,OpenWeather,Karachi,,,,,,,,,,
2026-10-02 15:00:00,1,76.78,0.0,0.05,54.5,0.14,3.11,12.73,0.0,history,OpenWeather,Karachi,,,,,,,,,,
2026-10-02 16:00:00,1,76.72,0.0,0.05,53.96,0.15,3.05,12.43,0.0,history,OpenWeather,Karachi,,,,,,,,,,
2026-10-02 17:00:00,1,76.65,0.0,0.05,53.65,0.16,2.99,12.12,0.0,history,OpenWeather,Karachi,,,,,,,,,,
2026-10-02 18:00:00,1,76.59,0.0,0.05,53.47,0.17,2.93,11.78,0.0,history,OpenWeather,Karachi,,,,,,,,,,
2026-10-02 19:00:00,1,76.38,0.0,0.05,53.58,0.18,2.86,11.4,0.0,history,OpenWeather,Karachi,,,,,,,,,,
2026-10-02 20:00:00,1,76.28,0.0,0.05,54.01,0.18,2.81,11.13,0.0,history,OpenWeather,Karachi,,,,,,,,,,
2026-10-02 21:00:00,1,76.0,0.0,0.05,54.72,0.2,2.79,11.03,0.0,history,OpenWeather,Karachi,,,,,,,,,,
2026-10-02 22:00:00,1,75.93,0.0,0.05,55.73,0.21,2.79,11.02,0.0,history,OpenWeather,Karachi,,,,,,,,,,
2026-10-02 23:00:00,1,75.78,0.0,0.05,56.56,0.21,2.82,11.13,0.0,history,OpenWeather,Karachi,,,,,,,,,,
2026-10-03 00:00:00,1,75.51,0.0,0.05,57.24,0.22,2.86,11.31,0.0,history,OpenWeather,Karachi,,,,,,,,,,
2026-10-03 01:00:00,1,75.1,0.0,0.04,58.45,0.25,3.14,12.92,0.0,history,OpenWeather,Karachi,,,,,,,,,,
2026-10-03 02:00:00,1,75.03,0.0,0.05,57.78,0.27,3.32,13.75,0.0,history,OpenWeather,Karachi,,,,,,,,,,
2026-10-03 03:00:00,1,74.95,0.0,0.06,56.83,0.29,3.46,14.33,0.0,history,OpenWeather,Karachi,,,,,,,,,,
2026-10-03 04:00:00,1,74.86,0.01,0.05,56.05,0.3,3.54,14.59,0.0,history,OpenWeather,Karachi,,,,,,,,,,
2026-10-03 05:00:00,1,74.78,0.01,0.04,55.21,0.3,3.6,14.68,0.0,history,OpenWeather,Karachi,,,,,,,,,,
2026-10-03 06:00:00,1,74.58,0.01,0.04,54.33,0.29,3.65,14.73,0.0,history,OpenWeather,Karachi,,,,,,,,,,
2026-10-03 07:00:00,1,74.53,0.01,0.04,53.37,0.29,3.69,14.74,0.0,history,OpenWeather,Karachi,,,,,,,,,,
2026-10-03 08:00:00,1,74.27,0.01,0.03,52.32,0.29,3.73,14.74,0.0,history,OpenWeather,Karachi,,,,,,,,,,
2026-10-03 09:00:00,1,74.19,0.01,0.03,51.68,0.29,3.76,14.77,0.0,history,OpenWeather,Karachi,,,,,,,,,,
2026-10-03 10:00:00,1,74.22,0.01,0.03,51.72,0.29,3.8,14.83,0.0,history,OpenWeather,Karachi,,,,,,,,,,
2026-10-03 11:00:00,1,74.27,0.01,0.04,52.24,0.3,3.83,14.83,0.0,history,OpenWeather,Karachi,,,,,,,,,,
2026-10-03 12:00:00,1,74.29,0.01,0.04,53.15,0.3,3.86,14.87,0.0,history,OpenWeather,Karachi,,,,,,,,,,
2026-10-03 13:00:00,1,74.54,0.0,0.06,54.17,0.31,3.89,15.01,0.0,history,OpenWeather,Karachi,,,,,,,,,,
2026-10-03 14:00:00,1,74.69,0.0,0.07,54.86,0.32,3.93,15.23,0.0,history,OpenWeather,Karachi,,,,,,,,,,
2026-10-03 15:00:00,1,74.8,0.0,0.07,55.16,0.33,3.96,15.5,0.0,history,OpenWeather,Karachi,,,,,,,,,,
2026-10-03 16:00:00,1,74.94,0.0,0.07,55.06,0.34,3.99,15.72,0.0,history,OpenWeather,Karachi,,,,,,,,,,
2026-10-03 17:00:00,1,74.98,0.0,0.07,54.59,0.35,4.05,16.1,0.0,history,OpenWeather,Karachi,,,,,,,,,,
2026-10-03 18:00:00,1,74.88,0.0,0.08,53.54,0.37,4.16,16.79,0.0,history,OpenWeather,Karachi,,,,,,,,,,
2026-10-03 19:00:00,1,74.74,0.0,0.08,52.61,0.37,4.2,17.15,0.0,history,OpenWeather,Karachi,,,,,,,,,,
2026-10-03 20:00:00,1,75.02,0.0,0.08,52.2,0.37,4.2,17.22,0.0,history,OpenWeather,Karachi,,,,,,,,,,
2026-10-03 21:00:00,1,75.21,0.0,0.08,52.04,0.37,4.22,17.36,0.0,history,OpenWeather,Karachi,,,,,,,,,,
2026-10-03 22:00:00,1,75.75,0.0,0.08,52.53,0.37,4.16,17.02,0.0,history,OpenWeather,Karachi,,,,,,,,,,
2026-10-03 23:00:00,1,76.41,0.0,0.07,53.06,0.37,4.07,16.5,0.0,history,OpenWeather,Karachi,,,,,,,,,,
2026-10-04 00:00:00,1,76.68,0.0,0.07,53.07,0.37,4.04,16.4,0.0,history,OpenWeather,Karachi,,,,,,,,,,
2026-10-04 01:00:00,1,76.65,0.0,0.07,52.77,0.37,4.09,16.75,0.0,history,OpenWeather,Karachi,,,,,,,,,,
2026-10-04 02:00:00,1,76.74,0.0,0.08,52.15,0.38,4.18,17.25,0.0,history,OpenWeather,Karachi,,,,,,,,,,
2026-10-04 03:00:00,1,76.86,0.0,0.09,51.57,0.39,4.28,17.77,0.0,history,OpenWeather,Karachi,,,,,,,,,,
2026-10-04 04:00:00,1,77.34,0.01,0.07,51.36,0.39,4.34,18.05,0.0,history,OpenWeather,Karachi,,,,,,,,,,
2026-10-04 05:00:00,1,78.36,0.01,0.06,51.67,0.38,4.34,17.99,0.0,history,OpenWeather,Karachi,,,,,,,,,,
2026-10-04 06:00:00,1,79.24,0.01,0.05,51.94,0.37,4.3,17.7,0.0,history,OpenWeather,Karachi,,,,,,,,,,
2026-10-04 07:00:00,1,80.05,0.01,0.04,51.87,0.36,4.24,17.29,0.0,history,OpenWeather,Karachi,,,,,,,,,,
2026-10-04 08:00:00,1,80.63,0.01,0.04,51.42,0.35,4.2,16.95,0.0,history,OpenWeather,Karachi,,,,,,,,,,
2026-10-04 09:00:00,1,80.78,0.01,0.04,50.96,0.34,4.21,16.84,0.0,history,OpenWeather,Karachi,,,,,,,,,,
2026-10-04 10:00:00,1,81.26,0.01,0.04,50.96,0.34,4.28,17.07,0.0,history,OpenWeather,Karachi,,,,,,,,,,
2026-10-04 11:00:00,1,81.12,0.01,0.04,51.02,0.35,4.38,17.63,0.0,history,OpenWeather,Karachi,,,,,,,,,,
2026-10-04 12:00:00,1,80.96,0.01,0.05,51.11,0.36,4.46,18.25,0.0,history,OpenWeather,Karachi,,,,,,,,,,
2026-10-04 13:00:00,1,80.61,0.0,0.07,51.41,0.37,4.5,18.72,0.0,history,OpenWeather,Karachi,,,,,,,,,,
2026-10-04 14:00:00,1,80.22,0.0,0.07,51.72,0.38,4.5,18.96,0.0,history,OpenWeather,Karachi,,,,,,,,,,
2026-10-04 15:00:00,1,79.87,0.0,0.08,51.88,0.39,4.5,19.21,0.0,history,OpenWeather,Karachi,,,,,,,,,,
2026-10-04 16:00:00,1,79.49,0.0,0.07,51.9,0.39,4.5,19.45,0.0,history,OpenWeather,Karachi,,,,,,,,,,
2026-10-04 17:00:00,1,79.2,0.0,0.07,52.0,0.39,4.51,19.67,0.0,history,OpenWeather,Karachi,,,,,,,,,,
2026-10-04 18:00:00,2,78.82,0.0,0.07,52.14,0.39,4.56,20.13,0.0,history,OpenWeather,Karachi,,,,,,,,,,
2026-10-04 19:00:00,2,78.22,0.0,0.07,52.25,0.4,4.66,21.07,0.0,history,OpenWeather,Karachi,,,,,,,,,,
2026-10-04 20:00:00,2,77.97,0.0,0.07,52.58,0.4,4.83,22.31,0.0,history,OpenWeather,Karachi,,,,,,,,,,
2026-10-04 21:00:00,2,77.83,0.0,0.07,53.01,0.4,5.0,23.57,0.0,history,OpenWeather,Karachi,,,,,,,,,,
2026-10-04 22:00:00,2,77.79,0.0,0.07,53.57,0.4,5.19,24.91,0.0,history,OpenWeather,Karachi,,,,,,,,,,
2026-10-04 23:00:00,2,77.72,0.0,0.07,54.05,0.41,5.38,26.33,0.0,history,OpenWeather,Karachi,,,,,,,,,,
2026-10-05 00:00:00,2,77.56,0.0,0.07,54.42,0.41,5.6,27.95,0.0,history,OpenWeather,Karachi,,,,,,,,,,
2026-10-05 01:00:00,2,77.74,0.0,0.07,54.97,0.42,5.86,29.81,0.0,history,OpenWeather,Karachi,,,,,,,,,,
2026-10-05 02:00:00,2,77.75,0.0,0.07,55.76,0.42,6.11,31.63,0.0,history,OpenWeather,Karachi,,,,,,,,,,
2026-10-05 03:00:00,2,77.94,0.0,0.08,56.97,0.42,6.37,33.35,0.0,history,OpenWeather,Karachi,,,,,,,,,,
2026-10-05 04:00:00,2,78.17,0.01,0.06,58.59,0.41,6.64,34.76,0.0,history,OpenWeather,Karachi,,,,,,,,,,
2026-10-05 05:00:00,2,78.47,0.01,0.05,59.98,0.4,6.83,35.52,0.0,history,OpenWeather,Karachi,,,,,,,,,,
2026-10-05 06:00:00,2,78.63,0.01,0.04,60.55,0.4,6.92,35.74,0.0,history,OpenWeather,Karachi,,,,,,,,,,
2026-10-05 07:00:00,2,78.68,0.01,0.04,60.74,0.39,6.96,35.64,0.0,history,OpenWeather,Karachi,,,,,,,,,,
2026-10-05 08:00:00,2,78.72,0.01,0.04,60.76,0.39,6.97,35.33,0.0,history,OpenWeather,Karachi,,,,,,,,,,
2026-10-05 09:00:00,2,78.59,0.01,0.03,60.91,0.38,6.96,34.85,0.0,history,OpenWeather,Karachi,,,,,,,,,,
2026-10-05 10:00:00,2,78.76,0.01,0.04,61.3,0.39,6.96,34.44,0.0,history,OpenWeather,Karachi,,,,,,,,,,
2026-10-05 11:00:00,2,78.69,0.01,0.04,61.19,0.39,6.76,33.24,0.0,history,OpenWeather,Karachi,,,,,,,,,,
2026-10-05 12:00:00,2,78.33,0.01,0.05,61.04,0.39,6.37,31.37,0.0,history,OpenWeather,Karachi,,,,,,,,,,
2026-10-05 13:00:00,2,77.94,0.0,0.06,60.83,0.39,5.89,29.16,0.0,history,OpenWeather,Karachi,,,,,,,,,,
2026-10-05 14:00:00,2,77.58,0.0,0.07,60.51,0.39,5.36,26.57,0.0,history,OpenWeather,Karachi,,,,,,,,,,
2026-10-05 15:00:00,2,77.31,0.0,0.07,60.3,0.38,4.94,24.31,0.0,history,OpenWeather,Karachi,,,,,,,,,,
2026-10-05 16:00:00,2,77.26,0.0,0.07,60.0,0.38,4.64,22.66,0.0,history,OpenWeather,Karachi,,,,,,,,,,
2026-10-05 17:00:00,2,77.37,0.0,0.07,59.82,0.37,4.49,21.92,0.0,history,OpenWeather,Karachi,,,,,,,,,,
2026-10-05 18:00:00,2,77.55,0.0,0.07,59.47,0.36,4.46,22.07,0.0,history,OpenWeather,Karachi,,,,,,,,,,
2026-10-05 19:00:00,2,77.61,0.0,0.06,58.86,0.36,4.54,23.0,0.0,history,OpenWeather,Karachi,,,,,,,,,,
2026-10-05 20:00:00,2,77.77,0.0,0.06,58.09,0.37,4.73,24.39,0.0,history,OpenWeather,Karachi,,,,,,,,,,
2026-10-05 21:00:00,2,77.93,0.0,0.06,57.05,0.38,4.99,25.78,0.0,history,OpenWeather,Karachi,,,,,,,,,,
2026-10-05 22:00:00,2,78.09,0.0,0.06,56.23,0.4,5.32,27.21,0.0,history,OpenWeather,Karachi,,,,,,,,,,
2026-10-05 23:00:00,2,78.37,0.0,0.06,55.7,0.42,5.74,29.22,0.0,history,OpenWeather,Karachi,,,,,,,,,,
2026-10-06 00:00:00,2,78.71,0.0,0.06,55.7,0.43,6.27,32.02,0.0,history,OpenWeather,Karachi,,,,,,,,,,
2026-10-06 01:00:00,2,79.27,0.0,0.06,56.53,0.45,6.92,35.64,0.0,history,OpenWeather,Karachi,,,,,,,,,,
2026-10-06 02:00:00,2,79.68,0.0,0.07,57.39,0.46,7.48,38.86,0.0,history,OpenWeather,Karachi,,,,,,,,,,
2026-10-06 03:00:00,2,80.16,0.0,0.08,58.13,0.47,7.91,41.29,0.0,history,OpenWeather,Karachi,,,,,,,,,,
2026-10-06 04:00:00,2,80.28,0.01,0.07,58.55,0.46,8.1,42.49,0.0,history,OpenWeather,Karachi,,,,,,,,,,
2026-10-06 05:00:00,2,80.18,0.01,0.06,58.32,0.45,8.05,42.92,0.0,history,OpenWeather,Karachi,,,,,,,,,,
2026-10-06 06:00:00,2,80.14,0.01,0.05,57.87,0.44,7.95,43.22,0.0,history,OpenWeather,Karachi,,,,,,,,,,
2026-10-06 07:00:00,2,80.02,0.01,0.05,57.09,0.42,7.85,43.51,0.0,history,OpenWeather,Karachi,,,,,,,,,,
2026-10-06 08:00:00,2,79.88,0.01,0.05,56.2,0.41,7.77,44.07,0.0,history,OpenWeather,Karachi,,,,,,,,,,
2026-10-06 09:00:00,2,79.76,0.01,0.05,55.08,0.39,7.64,44.29,0.0,history,OpenWeather,Karachi,,,,,,,,,,
2026-10-06 09:00:00,2,79.76,0.01,0.05,55.08,0.39,7.64,44.29,0.0,forecast,OpenWeather,Karachi,,,,,,,,,,
2026-10-06 09:33:11,2,79.81,0.01,0.05,54.28,0.38,7.5,43.72,0.0,current,OpenWeather,Karachi,,,,,,,,,,
2026-10-06 10:00:00,2,79.81,0.01,0.05,54.28,0.38,7.5,43.72,0.0,forecast,OpenWeather,Karachi,,,,,,,,,,
2026-10-06 11:00:00,2,79.83,0.01,0.05,53.75,0.37,7.31,41.86,0.0,forecast,OpenWeather,Karachi,,,,,,,,,,
2026-10-06 12:00:00,2,79.69,0.01,0.06,52.88,0.35,6.91,38.6,0.0,forecast,OpenWeather,Karachi,,,,,,,,,,
2026-10-06 13:00:00,2,79.45,0.0,0.07,51.82,0.34,6.48,36.09,0.0,forecast,OpenWeather,Karachi,,,,,,,,,,
2026-10-06 14:00:00,2,79.09,0.0,0.08,50.3,0.34,6.14,34.69,0.0,forecast,OpenWeather,Karachi,,,,,,,,,,
2026-10-06 15:00:00,2,78.91,0.0,0.08,49.09,0.34,5.96,34.44,0.0,forecast,OpenWeather,Karachi,,,,,,,,,,
2026-10-06 16:00:00,2,79.04,0.0,0.07,48.34,0.34,5.87,34.59,0.0,forecast,OpenWeather,Karachi,,,,,,,,,,
2026-10-06 17:00:00,2,79.34,0.0,0.07,48.21,0.33,5.86,35.1,0.0,forecast,OpenWeather,Karachi,,,,,,,,,,
2026-10-06 18:00:00,2,79.79,0.0,0.07,48.19,0.32,5.91,36.0,0.0,forecast,OpenWeather,Karachi,,,,,,,,,,
2026-10-06 19:00:00,2,80.23,0.0,0.07,48.05,0.31,5.99,36.61,0.0,forecast,OpenWeather,Karachi,,,,,,,,,,
2026-10-06 20:00:00,2,80.6,0.0,0.07,47.95,0.3,6.06,36.49,0.0,forecast,OpenWeather,Karachi,,,,,,,,,,
2026-10-06 21:00:00,2,80.85,0.0,0.06,47.81,0.29,6.08,35.78,0.0,forecast,OpenWeather,Karachi,,,,,,,,,,
2026-10-06 22:00:00,2,80.99,0.0,0.06,47.76,0.27,6.06,34.52,0.0,forecast,OpenWeather,Karachi,,,,,,,,,,
2026-10-06 23:00:00,2,81.03,0.0,0.06,47.75,0.25,6.0,32.85,0.0,forecast,OpenWeather,Karachi,,,,,,,,,,
2026-10-07 00:00:00,2,81.17,0.0,0.06,47.74,0.24,5.87,31.03,0.0,forecast,OpenWeather,Karachi,,,,,,,,,,
2026-10-07 01:00:00,2,81.21,0.0,0.06,47.92,0.23,5.72,29.33,0.0,forecast,OpenWeather,Karachi,,,,,,,,,,
2026-10-07 02:00:00,2,81.3,0.0,0.06,48.3,0.22,5.61,28.28,0.0,forecast,OpenWeather,Karachi,,,,,,,,,,
2026-10-07 03:00:00,2,81.5,0.0,0.06,49.0,0.21,5.56,27.8,0.0,forecast,OpenWeather,Karachi,,,,,,,,,,
2026-10-07 04:00:00,2,81.36,0.01,0.05,49.62,0.21,5.54,27.74,0.0,forecast,OpenWeather,Karachi,,,,,,,,,,
2026-10-07 05:00:00,2,81.57,0.01,0.04,50.15,0.2,5.56,28.02,0.0,forecast,OpenWeather,Karachi,,,,,,,,,,
2026-10-07 06:00:00,2,81.64,0.01,0.04,50.23,0.19,5.58,28.31,0.0,forecast,OpenWeather,Karachi,,,,,,,,,,
2026-10-07 07:00:00,2,81.43,0.01,0.03,49.89,0.18,5.61,28.75,0.0,forecast,OpenWeather,Karachi,,,,,,,,,,
2026-10-07 08:00:00,2,81.28,0.01,0.03,49.13,0.17,5.57,28.93,0.0,forecast,OpenWeather,Karachi,,,,,,,,,,
2026-10-07 09:00:00,2,81.07,0.01,0.03,48.18,0.16,5.44,28.61,0.0,forecast,OpenWeather,Karachi,,,,,,,,,,
2026-10-07 10:00:00,2,81.17,0.01,0.03,47.48,0.15,5.33,28.48,0.0,forecast,OpenWeather,Karachi,,,,,,,,,,
2026-10-07 11:00:00,2,81.12,0.01,0.03,46.79,0.14,5.23,28.49,0.0,forecast,OpenWeather,Karachi,,,,,,,,,,
2026-10-07 12:00:00,2,80.98,0.01,0.04,46.21,0.14,5.1,28.39,0.0,forecast,OpenWeather,Karachi,,,,,,,,,,
2026-10-07 13:00:00,2,81.19,0.0,0.05,45.82,0.14,4.94,28.12,0.0,forecast,OpenWeather,Karachi,,,,,,,,,,
2026-10-07 14:00:00,2,81.18,0.0,0.05,45.49,0.13,4.79,27.75,0.0,forecast,OpenWeather,Karachi,,,,,,,,,,
2026-10-07 15:00:00,2,81.31,0.0,0.05,45.24,0.12,4.63,27.47,0.0,forecast,OpenWeather,Karachi,,,,,,,,,,
2026-10-07 16:00:00,2,81.38,0.0,0.05,45.11,0.12,4.47,27.0,0.0,forecast,OpenWeather,Karachi,,,,,,,,,,
2026-10-07 17:00:00,2,81.69,0.0,0.05,45.26,0.11,4.34,26.54,0.0,forecast,OpenWeather,Karachi,,,,,,,,,,
2026-10-07 18:00:00,2,82.0,0.0,0.05,45.46,0.11,4.24,26.11,0.0,forecast,OpenWeather,Karachi,,,,,,,,,,
2026-10-07 19:00:00,2,82.12,0.0,0.05,45.65,0.1,4.13,25.54,0.0,forecast,OpenWeather,Karachi,,,,,,,,,,
2026-10-07 20:00:00,2,82.41,0.0,0.05,46.02,0.1,4.04,24.99,0.0,forecast,OpenWeather,Karachi,,,,,,,,,,
2026-10-07 21:00:00,2,82.74,0.0,0.05,46.53,0.09,3.96,24.43,0.0,forecast,OpenWeather,Karachi,,,,,,,,,,
2026-10-07 22:00:00,2,82.86,0.0,0.04,47.13,0.09,3.9,23.75,0.0,forecast,OpenWeather,Karachi,,,,,,,,,,
2026-10-07 23:00:00,2,83.16,0.0,0.04,47.75,0.08,3.83,22.95,0.0,forecast,OpenWeather,Karachi,,,,,,,,,,
2026-10-08 00:00:00,2,83.48,0.0,0.04,48.39,0.08,3.77,22.12,0.0,forecast,OpenWeather,Karachi,,,,,,,,,,
2026-10-08 01:00:00,2,83.67,0.0,0.04,48.87,0.07,3.72,21.38,0.0,forecast,OpenWeather,Karachi,,,,,,,,,,
2026-10-08 02:00:00,2,84.02,0.0,0.04,49.21,0.07,3.68,20.79,0.0,forecast,OpenWeather,Karachi,,,,,,,,,,
2026-10-08 03:00:00,2,84.36,0.0,0.04,49.46,0.07,3.63,20.24,0.0,forecast,OpenWeather,Karachi,,,,,,,,,,
2026-10-08 04:00:00,1,84.46,0.01,0.04,49.48,0.07,3.59,19.78,0.0,forecast,OpenWeather,Karachi,,,,,,,,,,
2026-10-08 05:00:00,1,84.72,0.01,0.03,49.31,0.06,3.56,19.43,0.0,forecast,OpenWeather,Karachi,,,,,,,,,,
2026-10-08 06:00:00,1,85.05,0.01,0.03,48.79,0.06,3.54,19.13,0.0,forecast,OpenWeather,Karachi,,,,,,,,,,
2026-10-08 07:00:00,1,85.29,0.01,0.02,48.1,0.06,3.52,18.78,0.0,forecast,OpenWeather,Karachi,,,,,,,,,,
2026-10-08 08:00:00,1,85.29,0.01,0.02,47.15,0.06,3.5,18.45,0.0,forecast,OpenWeather,Karachi,,,,,,,,,,
2026-10-08 09:00:00,1,85.45,0.01,0.02,46.19,0.06,3.5,18.22,0.0,forecast,OpenWeather,Karachi,,,,,,,,,,
2026-10-08 10:00:00,1,85.91,0.01,0.02,45.63,0.07,3.52,18.14,0.0,forecast,OpenWeather,Karachi,,,,,,,,,,
2026-10-08 11:00:00,1,86.06,0.01,0.03,45.14,0.07,3.54,18.03,0.0,forecast,OpenWeather,Karachi,,,,,,,,,,
2026-10-08 12:00:00,1,86.27,0.01,0.03,44.78,0.08,3.55,18.02,0.0,forecast,OpenWeather,Karachi,,,,,,,,,,
2026-10-08 13:00:00,1,86.72,0.0,0.04,44.66,0.09,3.58,18.06,0.0,forecast,OpenWeather,Karachi,,,,,,,,,,
2026-10-08 14:00:00,1,87.22,0.0,0.05,44.55,0.09,3.58,18.01,0.0,forecast,OpenWeather,Karachi,,,,,,,,,,
2026-10-08 15:00:00,1,87.59,0.0,0.05,44.6,0.09,3.57,17.82,0.0,forecast,OpenWeather,Karachi,,,,,,,,,,
2026-10-08 16:00:00,1,88.05,0.0,0.05,44.81,0.1,3.54,17.55,0.0,forecast,OpenWeather,Karachi,,,,,,,,,,
2026-10-08 17:00:00,1,88.51,0.0,0.05,45.01,0.1,3.53,17.3,0.0,forecast,OpenWeather,Karachi,,,,,,,,,,
2026-10-08 18:00:00,1,89.05,0.0,0.05,45.09,0.11,3.52,17.17,0.0,forecast,OpenWeather,Karachi,,,,,,,,,,
2026-10-08 19:00:00,1,89.6,0.0,0.05,44.96,0.12,3.53,17.01,0.0,forecast,OpenWeather,Karachi,,,,,,,,,,
2026-10-08 20:00:00,1,90.09,0.0,0.05,45.11,0.13,3.56,17.01,0.0,forecast,OpenWeather,Karachi,,,,,,,,,,
2026-10-08 21:00:00,1,90.43,0.0,0.05,45.4,0.14,3.65,17.39,0.0,forecast,OpenWeather,Karachi,,,,,,,,,,
2026-10-08 22:00:00,1,90.8,0.0,0.05,45.84,0.14,3.82,18.2,0.0,forecast,OpenWeather,Karachi,,,,,,,,,,
2026-10-08 23:00:00,1,91.11,0.0,0.05,46.29,0.15,4.04,19.03,0.0,forecast,OpenWeather,Karachi,,,,,,,,,,
2026-10-09 00:00:00,1,91.41,0.0,0.05,46.94,0.16,4.29,19.9,0.0,forecast,OpenWeather,Karachi,,,,,,,,,,
2026-10-09 01:00:00,2,91.68,0.0,0.05,47.96,0.16,4.55,20.82,0.0,forecast,OpenWeather,Karachi,,,,,,,,,,
2026-10-09 02:00:00,2,92.18,0.0,0.05,49.37,0.17,4.76,21.48,0.0,forecast,OpenWeather,Karachi,,,,,,,,,,
2026-10-09 03:00:00,2,92.52,0.0,0.05,50.72,0.18,4.93,21.95,0.0,forecast,OpenWeather,Karachi,,,,,,,,,,
2026-10-09 04:00:00,2,93.1,0.01,0.05,51.71,0.18,5.02,22.1,0.0,forecast,OpenWeather,Karachi,,,,,,,,,,
2026-10-09 05:00:00,2,93.77,0.01,0.04,52.2,0.19,5.06,21.96,0.0,forecast,OpenWeather,Karachi,,,,,,,,,,
2026-10-09 06:00:00,2,94.4,0.01,0.04,52.15,0.19,5.06,21.64,0.0,forecast,OpenWeather,Karachi,,,,,,,,,,
2026-10-09 07:00:00,2,95.27,0.01,0.03,52.19,0.19,5.03,21.12,0.0,forecast,OpenWeather,Karachi,,,,,,,,,,
2026-10-09 08:00:00,2,96.21,0.01,0.03,52.02,0.19,5.0,20.66,0.0,forecast,OpenWeather,Karachi,,,,,,,,,,
2026-10-09 09:00:00,2,97.21,0.01,0.03,51.58,0.2,5.0,20.36,0.0,forecast,OpenWeather,Karachi,,,,,,,,,,
2026-10-09 10:00:00,2,98.63,0.01,0.03,51.3,0.21,5.06,20.3,0.0,forecast,OpenWeather,Karachi,,,,,,,,,,
2026-10-09 11:00:00,2,99.92,0.01,0.04,51.05,0.22,5.2,20.6,0.0,forecast,OpenWeather,Karachi,,,,,,,,,,
2026-10-09 12:00:00,2,101.19,0.01,0.04,51.35,0.23,5.38,21.1,0.0,forecast,OpenWeather,Karachi,,,,,,,,,,
2026-10-09 13:00:00,2,102.41,0.0,0.06,52.19,0.24,5.59,21.72,0.0,forecast,OpenWeather,Karachi,,,,,,,,,,
2026-10-09 14:00:00,2,103.48,0.0,0.06,53.11,0.25,5.8,22.28,0.0,forecast,OpenWeather,Karachi,,,,,,,,,,
2026-10-09 15:00:00,2,104.65,0.0,0.07,53.99,0.25,6.06,22.98,0.0,forecast,OpenWeather,Karachi,,,,,,,,,,
2026-10-09 16:00:00,2,105.44,0.0,0.06,54.8,0.26,6.36,23.78,0.0,forecast,OpenWeather,Karachi,,,,,,,,,,
2026-10-09 17:00:00,2,106.13,0.0,0.06,55.98,0.27,6.68,24.85,0.0,forecast,OpenWeather,Karachi,,,,,,,,,,
2026-10-09 18:00:00,2,106.72,0.0,0.06,57.11,0.27,7.04,26.28,0.0,forecast,OpenWeather,Karachi,,,,,,,,,,
2026-10-09 19:00:00,2,106.98,0.0,0.06,58.07,0.28,7.44,28.08,0.0,forecast,OpenWeather,Karachi,,,,,,,,,,
2026-10-09 20:00:00,2,107.21,0.0,0.05,58.95,0.29,7.9,30.12,0.0,forecast,OpenWeather,Karachi,,,,,,,,,,
2026-10-09 21:00:00,2,107.38,0.0,0.05,59.45,0.31,8.35,32.01,0.0,forecast,OpenWeather,Karachi,,,,,,,,,,
2026-10-09 22:00:00,2,107.29,0.0,0.05,59.7,0.32,8.73,33.47,0.0,forecast,OpenWeather,Karachi,,,,,,,,,,
2026-10-09 23:00:00,2,107.2,0.0,0.05,60.02,0.33,9.01,34.2,0.0,forecast,OpenWeather,Karachi,,,,,,,,,,
2026-10-10 00:00:00,2,106.88,0.0,0.05,60.65,0.33,9.22,34.9,0.0,forecast,OpenWeather,Karachi,,,,,,,,,,
2026-10-10 01:00:00,2,106.49,0.0,0.05,61.66,0.33,9.38,35.83,0.0,forecast,OpenWeather,Karachi,,,,,,,,,,
2026-10-10 02:00:00,2,106.06,0.0,0.05,62.94,0.33,9.54,36.89,0.0,forecast,OpenWeather,Karachi,,,,,,,,,,
2026-10-10 03:00:00,2,105.69,0.0,0.05,64.22,0.33,9.76,38.08,0.0,forecast,OpenWeather,Karachi,,,,,,,,,,
2026-10-10 04:00:00,2,105.27,0.01,0.05,64.93,0.33,9.99,39.24,0.0,forecast,OpenWeather,Karachi,,,,,,,,,,
2026-10-10 05:00:00,2,105.08,0.01,0.04,64.97,0.33,10.27,40.36,0.0,forecast,OpenWeather,Karachi,,,,,,,,,,
2026-10-10 06:00:00,2,104.93,0.01,0.03,64.29,0.33,10.58,41.38,0.0,forecast,OpenWeather,Karachi,,,,,,,,,,
2026-10-10 07:00:00,2,104.69,0.01,0.03,63.1,0.33,10.89,42.28,0.0,forecast,OpenWeather,Karachi,,,,,,,,,,
2026-10-10 08:00:00,2,104.4,0.01,0.03,61.65,0.33,11.18,42.98,0.0,forecast,OpenWeather,Karachi,,,,,,,,,,
2025-02-16 00:00:00,54,,,,,,,,,forecast_pm10,AQICN,Lahore,,,,,,,pm10,44.0,58.0,
2025-02-16 00:00:00,4,,,,,,,,,forecast_o3,AQICN,Lahore,,,,,,,o3,1.0,30.0,
2025-02-16 00:00:00,150,,,,,,,,,forecast_pm25,AQICN,Lahore,,,,,,,pm25,103.0,159.0,
2025-02-16 00:00:00,1,,,,,,,,,forecast_uvi,AQICN,Lahore,,,,,,,uvi,0.0,4.0,
2025-02-17 00:00:00,4,,,,,,,,,forecast_o3,AQICN,Lahore,,,,,,,o3,1.0,35.0,
2025-02-17 00:00:00,56,,,,,,,,,forecast_pm10,AQICN,Lahore,,,,,,,pm10,46.0,72.0,
2025-02-17 00:00:00,151,,,,,,,,,forecast_pm25,AQICN,Lahore,,,,,,,pm25,138.0,165.0,
2025-02-17 00:00:00,1,,,,,,,,,forecast_uvi,AQICN,Lahore,,,,,,,uvi,0.0,4.0,
2025-02-18 00:00:00,5,,,,,,,,,forecast_o3,AQICN,Lahore,,,,,,,o3,1.0,41.0,
2025-02-18 00:00:00,47,,,,,,,,,forecast_pm10,AQICN,Lahore,,,,,,,pm10,28.0,58.0,
2025-02-18 00:00:00,134,,,,,,,,,forecast_pm25,AQICN,Lahore,,,,,,,pm25,81.0,159.0,
2025-02-18 00:00:00,1,,,,,,,,,forecast_uvi,AQICN,Lahore,,,,,,,uvi,0.0,4.0,
2025-02-18 18:00:00,34,,,,,,,,,current,AQICN,Lahore,7.0,32.0,1014.0,34.0,24.5,3.0,,,,
2025-02-19 00:00:00,51,,,,,,,,,forecast_pm10,AQICN,Lahore,,,,,,,pm10,46.0,58.0,
2025-02-19 00:00:00,1,,,,,,,,,forecast_uvi,AQICN,Lahore,,,,,,,uvi,0.0,3.0,
2025-02-19 00:00:00,4,,,,,,,,,forecast_o3,AQICN,Lahore,,,,,,,o3,1.0,41.0,
2025-02-19 00:00:00,125,,,,,,,,,forecast_pm25,AQICN,Lahore,,,,,,,pm25,89.0,142.0,
2025-02-20 00:00:00,150,,,,,,,,,forecast_pm25,AQICN,Lahore,,,,,,,pm25,138.0,159.0,
2025-02-20 00:00:00,70,,,,,,,,,forecast_pm10,AQICN,Lahore,,,,,,,pm10,57.0,123.0,
2025-02-20 00:00:00,0,,,,,,,,,forecast_uvi,AQICN,Lahore,,,,,,,uvi,0.0,1.0,
2025-02-20 00:00:00,7,,,,,,,,,forecast_o3,AQICN,Lahore,,,,,,,o3,1.0,18.0,
2025-02-21 00:00:00,66,,,,,,,,,forecast_pm10,AQICN,Lahore,,,,,,,pm10,49.0,77.0,
2025-02-21 00:00:00,152,,,,,,,,,forecast_pm25,AQICN,Lahore,,,,,,,pm25,138.0,169.0,
2025-02-21 00:00:00,1,,,,,,,,,forecast_uvi,AQICN,Lahore,,,,,,,uvi,0.0,5.0,
2025-02-21 00:00:00,4,,,,,,,,,forecast_o3,AQICN,Lahore,,,,,,,o3,1.0,39.0,
2025-02-22 00:00:00,56,,,,,,,,,forecast_pm10,AQICN,Lahore,,,,,,,pm10,46.0,73.0,
2025-02-22 00:00:00,136,,,,,,,,,forecast_pm25,AQICN,Lahore,,,,,,,pm25,89.0,159.0,
2025-02-22 00:00:00,1,,,,,,,,,forecast_o3,AQICN,Lahore,,,,,,,o3,1.0,8.0,
2025-02-22 00:00:00,1,,,,,,,,,forecast_uvi,AQICN,Lahore,,,,,,,uvi,0.0,5.0,
2025-02-23 00:00:00,0,,,,,,,,,forecast_uvi,AQICN,Lahore,,,,,,,uvi,0.0,0.0,
2025-02-23 00:00:00,148,,,,,,,,,forecast_pm25,AQICN,Lahore,,,,,,,pm25,133.0,160.0,
2025-02-23 00:00:00,59,,,,,,,,,forecast_pm10,AQICN,Lahore,,,,,,,pm10,46.0,73.0,
2025-02-24 00:00:00,69,,,,,,,,,forecast_pm10,AQICN,Lahore,,,,,,,pm10,46.0,73.0,
2025-02-24 00:00:00,168,,,,,,,,,forecast_pm25,AQICN,Lahore,,,,,,,pm25,130.0,174.0,
2026-10-01 10:00:00,4,181.25,0.24,1.76,102.35,4.32,46.78,148.4,2.38,history,OpenWeather,Lahore,,,,,,,,,,
2026-10-01 11:00:00,4,229.56,0.42,3.74,87.62,3.76,48.47,144.98,4.78,history,OpenWeather,Lahore,,,,,,,,,,
2026-10-01 12:00:00,4,284.25,0.34,6.73,73.86,3.36,49.47,143.22,6.53,history,OpenWeather,Lahore,,,,,,,,,,
2026-10-01 13:00:00,4,349.95,0.03,10.36,59.18,3.1,50.34,142.57,8.22,history,OpenWeather,Lahore,,,,,,,,,,
2026-10-01 14:00:00,4,426.25,0.0,12.96,46.18,2.99,52.23,143.82,10.05,history,OpenWeather,Lahore,,,,,,,,,,
2026-10-01 15:00:00,4,496.26,0.0,14.73,36.96,2.99,54.31,145.93,11.88,history,OpenWeather,Lahore,,,,,,,,,,
2026-10-01 16:00:00,4,540.96,0.0,15.59,30.67,2.94,55.45,146.16,13.18,history,OpenWeather,Lahore,,,,,,,,,,
2026-10-01 17:00:00,4,574.11,0.0,15.76,26.42,2.79,56.6,147.12,13.6,history,OpenWeather,Lahore,,,,,,,,,,
2026-10-01 18:00:00,4,591.98,0.0,15.61,23.73,2.48,57.04,145.88,13.39,history,OpenWeather,Lahore,,,,,,,,,,
2026-10-01 19:00:00,4,574.35,0.0,14.71,22.4,1.98,55.43,139.56,12.51,history,OpenWeather,Lahore,,,,,,,,,,
2026-10-01 20:00:00,4,550.03,0.0,13.35,22.55,1.65,53.74,133.86,11.92,history,OpenWeather,Lahore,,,,,,,,,,
2026-10-01 21:00:00,4,523.9,0.0,11.89,23.05,1.48,52.29,128.89,11.63,history,OpenWeather,Lahore,,,,,,,,,,
2026-10-01 22:00:00,4,500.74,0.0,10.67,23.15,1.38,50.6,123.6,11.48,history,OpenWeather,Lahore,,,,,,,,,,
2026-10-01 23:00:00,4,479.53,0.0,9.75,22.72,1.3,49.1,119.65,11.48,history,OpenWeather,Lahore,,,,,,,,,,
2026-10-02 00:00:00,4,459.99,0.0,9.11,21.98,1.22,47.76,117.45,11.45,history,OpenWeather,Lahore,,,,,,,,,,
2026-10-02 01:00:00,4,444.68,0.0,8.63,20.88,1.19,46.54,116.82,11.2,history,OpenWeather,Lahore,,,,,,,,,,
2026-10-02 02:00:00,4,458.61,0.16,8.78,18.94,1.35,46.43,120.84,10.72,history,OpenWeather,Lahore,,,,,,,,,,
2026-10-02 03:00:00,4,481.49,1.67,7.93,21.25,1.59,46.63,128.31,10.02,history,OpenWeather,Lahore,,,,,,,,,,
2026-10-02 04:00:00,4,475.14,2.65,6.9,30.0,1.78,46.71,136.7,9.15,history,OpenWeather,Lahore,,,,,,,,,,
2026-10-02 05:00:00,4,491.3,2.51,6.75,43.06,1.83,49.92,142.24,8.96,history,OpenWeather,Lahore,,,,,,,,,,
2026-10-02 06:00:00,4,489.51,1.44,5.79,70.1,1.9,59.41,155.26,8.7,history,OpenWeather,Lahore,,,,,,,,,,
2026-10-02 07:00:00,4,189.74,0.2,1.28,109.63,3.03,47.31,171.28,1.99,history,OpenWeather,Lahore,,,,,,,,,,
2026-10-02 08:00:00,4,156.76,0.11,0.77,112.79,2.96,45.69,161.68,1.31,history,OpenWeather,Lahore,,,,,,,,,,
2026-10-02 09:00:00,4,154.62,0.1,0.76,113.19,3.13,46.51,160.52,1.37,history,OpenWeather,Lahore,,,,,,,,,,
2026-10-02 10:00:00,4,187.15,0.23,1.85,104.08,3.16,49.99,162.51,3.18,history,OpenWeather,Lahore,,,,,,,,,,
2026-10-02 11:00:00,4,244.69,0.4,3.92,89.99,3.0,54.25,164.35,5.67,history,OpenWeather,Lahore,,,,,,,,,,
2026-10-02 12:00:00,4,302.89,0.29,6.89,76.3,2.84,56.96,165.46,7.37,history,OpenWeather,Lahore,,,,,,,,,,
2026-10-02 13:00:00,4,374.14,0.02,10.61,61.11,2.75,58.62,165.48,9.27,history,OpenWeather,Lahore,,,,,,,,,,
2026-10-02 14:00:00,4,455.17,0.0,13.57,48.26,2.87,60.75,167.0,11.78,history,OpenWeather,Lahore,,,,,,,,,,
2026-10-02 15:00:00,4,528.58,0.0,15.74,39.81,3.14,62.87,169.72,14.73,history,OpenWeather,Lahore,,,,,,,,,,
2026-10-02 16:00:00,4,576.73,0.0,16.86,33.68,3.32,63.36,169.18,17.33,history,OpenWeather,Lahore,,,,,,,,,,
2026-10-02 17:00:00,4,612.74,0.0,17.14,28.24,3.24,64.02,169.04,18.4,history,OpenWeather,Lahore,,,,,,,,,,
2026-10-02 18:00:00,4,633.15,0.0,17.31,23.61,2.92,64.28,166.03,18.09,history,OpenWeather,Lahore,,,,,,,,,,
2026-10-02 19:00:00,4,624.78,0.0,16.89,20.35,2.39,62.98,158.29,16.38,history,OpenWeather,Lahore,,,,,,,,,,
2026-10-02 20:00:00,4,610.24,0.0,15.84,18.84,1.97,61.98,153.79,15.31,history,OpenWeather,Lahore,,,,,,,,,,
2026-10-02 21:00:00,4,595.67,0.0,14.6,17.84,1.66,61.34,151.81,14.6,history,OpenWeather,Lahore,,,,,,,,,,
2026-10-02 22:00:00,4,586.25,0.0,13.41,16.43,1.38,60.97,151.3,13.78,history,OpenWeather,Lahore,,,,,,,,,,
2026-10-02 23:00:00,4,580.59,0.01,12.41,14.93,1.15,60.99,151.94,12.75,history,OpenWeather,Lahore,,,,,,,,,,
2026-10-03 00:00:00,4,574.23,0.01,11.63,13.7,0.98,61.0,152.62,11.91,history,OpenWeather,Lahore,,,,,,,,,,
2026-10-03 01:00:00,4,573.07,0.04,11.23,11.66,0.86,61.08,151.78,12.18,history,OpenWeather,Lahore,,,,,,,,,,
2026-10-03 02:00:00,4,584.97,0.38,10.57,10.85,0.98,61.14,155.12,12.26,history,OpenWeather,Lahore,,,,,,,,,,
2026-10-03 03:00:00,4,606.26,2.61,8.13,14.58,1.16,61.62,161.07,11.97,history,OpenWeather,Lahore,,,,,,,,,,
2026-10-03 04:00:00,4,586.54,3.19,7.0,25.92,1.35,61.52,167.69,11.09,history,OpenWeather,Lahore,,,,,,,,,,
2026-10-03 05:00:00,4,579.68,2.33,6.78,45.33,1.42,65.4,171.4,10.58,history,OpenWeather,Lahore,,,,,,,,,,
2026-10-03 06:00:00,5,563.13,1.15,5.43,77.89,1.47,77.74,183.62,10.19,history,OpenWeather,Lahore,,,,,,,,,,
2026-10-03 07:00:00,4,227.88,0.2,1.32,110.47,5.67,53.77,166.57,3.39,history,OpenWeather,Lahore,,,,,,,,,,
2026-10-03 08:00:00,4,178.9,0.13,0.89,114.07,6.59,49.22,153.54,2.23,history,OpenWeather,Lahore,,,,,,,,,,
2026-10-03 09:00:00,4,170.13,0.11,0.86,115.01,6.34,48.34,148.0,2.12,history,OpenWeather,Lahore,,,,,,,,,,
2026-10-03 10:00:00,4,185.51,0.18,1.49,109.44,5.78,49.71,145.64,3.31,history,OpenWeather,Lahore,,,,,,,,,,
2026-10-03 11:00:00,4,219.03,0.27,2.76,98.6,5.04,52.01,144.46,5.24,history,OpenWeather,Lahore,,,,,,,,,,
2026-10-03 12:00:00,4,255.45,0.2,4.72,87.58,4.46,53.63,143.69,6.73,history,OpenWeather,Lahore,,,,,,,,,,
2026-10-03 13:00:00,4,309.27,0.02,7.59,71.33,3.86,55.11,142.35,8.59,history,OpenWeather,Lahore,,,,,,,,,,
2026-10-03 14:00:00,4,377.59,0.0,10.06,56.2,3.39,57.47,143.19,10.91,history,OpenWeather,Lahore,,,,,,,,,,
2026-10-03 15:00:00,4,437.75,0.0,11.79,46.63,3.22,59.89,145.92,13.6,history,OpenWeather,Lahore,,,,,,,,,,
2026-10-03 16:00:00,4,477.77,0.0,12.73,40.16,3.2,61.17,147.22,16.46,history,OpenWeather,Lahore,,,,,,,,,,
2026-10-03 17:00:00,4,513.51,0.0,13.19,34.24,3.03,62.63,149.46,17.85,history,OpenWeather,Lahore,,,,,,,,,,
2026-10-03 18:00:00,4,542.94,0.0,13.56,28.74,2.7,63.75,150.34,17.71,history,OpenWeather,Lahore,,,,,,,,,,
2026-10-03 19:00:00,4,548.95,0.0,13.39,23.84,2.19,63.34,147.11,16.35,history,OpenWeather,Lahore,,,,,,,,,,
2026-10-03 20:00:00,4,549.03,0.0,12.84,20.16,1.76,63.14,144.96,15.19,history,OpenWeather,Lahore,,,,,,,,,,
2026-10-03 21:00:00,4,548.65,0.0,12.15,17.2,1.47,63.19,143.44,14.25,history,OpenWeather,Lahore,,,,,,,,,,
2026-10-03 22:00:00,4,546.94,0.01,11.35,14.77,1.22,63.11,141.6,12.7,history,OpenWeather,Lahore,,,,,,,,,,
2026-10-03 23:00:00,4,542.64,0.01,10.56,13.04,0.97,62.86,139.38,10.37,history,OpenWeather,Lahore,,,,,,,,,,
2026-10-04 00:00:00,4,531.3,0.02,9.82,12.0,0.79,61.97,136.17,8.38,history,OpenWeather,Lahore,,,,,,,,,,
2026-10-04 01:00:00,4,514.15,0.05,9.09,11.88,0.72,60.19,132.99,7.43,history,OpenWeather,Lahore,,,,,,,,,,
2026-10-04 02:00:00,4,517.49,0.35,8.67,11.83,0.88,59.02,133.47,8.23,history,OpenWeather,Lahore,,,,,,,,,,
2026-10-04 03:00:00,4,528.29,2.24,6.72,16.65,1.09,58.24,137.04,9.04,history,OpenWeather,Lahore,,,,,,,,,,
2026-10-04 04:00:00,4,442.61,1.74,5.38,38.49,1.61,54.52,144.68,8.92,history,OpenWeather,Lahore,,,,,,,,,,
2026-10-04 05:00:00,4,394.8,1.11,4.27,58.77,1.78,54.47,146.24,8.52,history,OpenWeather,Lahore,,,,,,,,,,
2026-10-04 06:00:00,4,360.68,0.58,3.02,81.59,1.87,59.35,151.87,8.18,history,OpenWeather,Lahore,,,,,,,,,,
2026-10-04 07:00:00,4,210.77,0.2,1.22,103.27,3.73,47.16,145.27,4.15,history,OpenWeather,Lahore,,,,,,,,,,
2026-10-04 08:00:00,4,171.83,0.14,0.91,106.75,4.12,42.63,136.32,3.11,history,OpenWeather,Lahore,,,,,,,,,,
2026-10-04 09:00:00,4,161.16,0.13,0.88,107.68,3.96,41.03,131.09,2.87,history,OpenWeather,Lahore,,,,,,,,,,
2026-10-04 10:00:00,4,171.73,0.19,1.41,102.39,3.69,41.32,128.46,3.78,history,OpenWeather,Lahore,,,,,,,,,,
2026-10-04 11:00:00,4,201.51,0.29,2.61,92.07,3.32,43.02,128.32,5.48,history,OpenWeather,Lahore,,,,,,,,,,
2026-10-04 12:00:00,4,233.82,0.23,4.5,81.5,3.09,44.03,128.55,6.82,history,OpenWeather,Lahore,,,,,,,,,,
2026-10-04 13:00:00,4,279.04,0.02,7.25,67.71,2.86,44.72,128.21,8.39,history,OpenWeather,Lahore,,,,,,,,,,
2026-10-04 14:00:00,4,334.44,0.0,9.41,54.68,2.64,46.05,128.56,10.21,history,OpenWeather,Lahore,,,,,,,,,,
2026-10-04 15:00:00,4,382.98,0.0,10.73,46.13,2.52,47.54,129.75,11.87,history,OpenWeather,Lahore,,,,,,,,,,
2026-10-04 16:00:00,4,413.52,0.0,11.27,40.4,2.4,48.16,129.25,12.82,history,OpenWeather,Lahore,,,,,,,,,,
2026-10-04 17:00:00,4,440.86,0.0,11.51,35.46,2.27,49.11,129.18,12.98,history,OpenWeather,Lahore,,,,,,,,,,
2026-10-04 18:00:00,4,464.81,0.0,11.79,30.36,2.04,49.93,127.58,12.45,history,OpenWeather,Lahore,,,,,,,,,,
2026-10-04 19:00:00,4,471.88,0.0,11.67,25.4,1.64,49.72,122.66,11.09,history,OpenWeather,Lahore,,,,,,,,,,
2026-10-04 20:00:00,4,477.08,0.01,11.32,21.43,1.33,49.77,119.45,10.15,history,OpenWeather,Lahore,,,,,,,,,,
2026-10-04 21:00:00,4,478.51,0.01,10.73,18.38,1.12,49.95,117.18,9.33,history,OpenWeather,Lahore,,,,,,,,,,
2026-10-04 22:00:00,4,473.87,0.01,10.0,16.31,0.96,49.79,115.04,8.59,history,OpenWeather,Lahore,,,,,,,,,,
2026-10-04 23:00:00,4,464.86,0.01,9.34,15.5,0.88,49.51,113.79,8.13,history,OpenWeather,Lahore,,,,,,,,,,
2026-10-05 00:00:00,4,452.15,0.02,8.79,15.73,0.86,48.84,113.31,7.68,history,OpenWeather,Lahore,,,,,,,,,,
2026-10-05 01:00:00,4,430.01,0.03,8.01,18.24,0.94,47.56,115.4,7.28,history,OpenWeather,Lahore,,,,,,,,,,
2026-10-05 02:00:00,4,430.33,0.27,7.69,19.66,1.11,46.98,119.07,7.67,history,OpenWeather,Lahore,,,,,,,,,,
2026-10-05 03:00:00,4,440.74,1.85,6.23,24.53,1.37,46.69,124.92,8.24,history,OpenWeather,Lahore,,,,,,,,,,
2026-10-05 04:00:00,4,375.08,1.69,5.18,41.52,1.88,43.68,131.48,8.04,history,OpenWeather,Lahore,,,,,,,,,,
2026-10-05 05:00:00,4,339.66,1.14,4.26,59.84,2.05,44.57,134.97,7.85,history,OpenWeather,Lahore,,,,,,,,,,
2026-10-05 06:00:00,4,305.16,0.58,2.94,82.16,2.22,49.4,141.9,7.39,history,OpenWeather,Lahore,,,,,,,,,,
2026-10-05 07:00:00,4,201.16,0.23,1.37,98.84,3.36,44.25,143.28,4.74,history,OpenWeather,Lahore,,,,,,,,,,
2026-10-05 08:00:00,4,173.17,0.16,1.05,105.01,4.18,42.89,138.62,3.73,history,OpenWeather,Lahore,,,,,,,,,,
2026-10-05 09:00:00,4,164.26,0.14,0.99,107.56,4.23,42.52,135.94,3.47,history,OpenWeather,Lahore,,,,,,,,,,
2026-10-05 10:00:00,4,164.28,0.16,1.25,107.72,4.09,41.43,130.73,3.49,history,OpenWeather,Lahore,,,,,,,,,,
2026-10-05 11:00:00,4,173.99,0.19,1.97,102.9,3.81,40.09,124.36,3.95,history,OpenWeather,Lahore,,,,,,,,,,
2026-10-05 12:00:00,4,188.97,0.14,3.28,95.89,3.54,38.89,120.1,4.49,history,OpenWeather,Lahore,,,,,,,,,,
2026-10-05 13:00:00,4,228.0,0.01,5.88,82.35,3.25,38.47,116.61,5.71,history,OpenWeather,Lahore,,,,,,,,,,
2026-10-05 14:00:00,4,287.27,0.0,8.56,67.47,3.01,39.39,115.06,7.43,history,OpenWeather,Lahore,,,,,,,,,,
2026-10-05 15:00:00,4,339.61,0.0,10.34,56.98,2.86,40.53,114.77,8.84,history,OpenWeather,Lahore,,,,,,,,,,
2026-10-05 16:00:00,4,381.49,0.0,11.57,47.65,2.73,41.38,113.78,10.06,history,OpenWeather,Lahore,,,,,,,,,,
2026-10-05 17:00:00,4,423.51,0.0,12.57,40.08,2.74,42.78,114.78,11.16,history,OpenWeather,Lahore,,,,,,,,,,
2026-10-05 18:00:00,4,453.63,0.0,13.23,34.4,2.7,43.86,115.32,11.63,history,OpenWeather,Lahore,,,,,,,,,,
2026-10-05 19:00:00,4,454.9,0.0,13.04,30.16,2.48,43.6,112.7,11.19,history,OpenWeather,Lahore,,,,,,,,,,
2026-10-05 20:00:00,4,444.5,0.0,12.27,27.42,2.24,42.98,109.58,10.79,history,OpenWeather,Lahore,,,,,,,,,,
2026-10-05 21:00:00,4,426.75,0.0,11.19,26.0,2.02,42.17,107.02,10.46,history,OpenWeather,Lahore,,,,,,,,,,
2026-10-05 22:00:00,4,396.18,0.0,9.65,27.82,1.83,40.81,105.86,9.91,history,OpenWeather,Lahore,,,,,,,,,,
2026-10-05 23:00:00,4,368.91,0.0,8.38,29.9,1.59,39.62,104.48,9.76,history,OpenWeather,Lahore,,,,,,,,,,
2026-10-06 00:00:00,4,339.51,0.0,7.22,32.86,1.41,38.28,104.12,9.66,history,OpenWeather,Lahore,,,,,,,,,,
2026-10-06 01:00:00,4,306.28,0.0,6.13,36.51,1.33,36.6,105.08,9.28,history,OpenWeather,Lahore,,,,,,,,,,
2026-10-06 02:00:00,4,285.38,0.04,5.61,39.45,1.39,35.32,107.98,8.74,history,OpenWeather,Lahore,,,,,,,,,,
2026-10-06 03:00:00,4,262.39,0.48,4.81,45.24,1.56,33.74,111.55,7.77,history,OpenWeather,Lahore,,,,,,,,,,
2026-10-06 04:00:00,4,213.94,0.65,3.29,57.25,1.85,31.71,114.63,6.18,history,OpenWeather,Lahore,,,,,,,,,,
2026-10-06 05:00:00,4,196.47,0.54,2.49,68.32,2.09,32.06,116.67,5.59,history,OpenWeather,Lahore,,,,,,,,,,
2026-10-06 06:00:00,4,186.34,0.36,1.83,81.37,2.38,34.58,120.18,5.12,history,OpenWeather,Lahore,,,,,,,,,,
2026-10-06 07:00:00,4,147.08,0.15,0.91,98.17,3.32,31.08,100.76,2.57,history,OpenWeather,Lahore,,,,,,,,,,
2026-10-06 08:00:00,3,132.81,0.11,0.68,103.01,3.01,28.26,87.68,1.71,history,OpenWeather,Lahore,,,,,,,,,,
2026-10-06 09:00:00,3,128.51,0.1,0.68,103.66,2.62,26.98,82.71,1.51,history,OpenWeather,Lahore,,,,,,,,,,
2026-10-06 09:00:00,3,128.51,0.1,0.68,103.66,2.62,26.98,82.71,1.51,forecast,OpenWeather,Lahore,,,,,,,,,,
2026-10-06 09:33:15,3,133.63,0.13,0.98,102.82,2.46,26.89,81.78,1.82,current,OpenWeather,Lahore,,,,,,,,,,
2026-10-06 10:00:00,3,133.63,0.13,0.98,102.82,2.46,26.89,81.78,1.82,forecast,OpenWeather,Lahore,,,,,,,,,,
2026-10-06 11:00:00,3,147.57,0.17,1.72,98.41,2.43,27.36,82.48,2.59,forecast,OpenWeather,Lahore,,,,,,,,,,
2026-10-06 12:00:00,3,164.57,0.12,2.96,92.28,2.41,27.6,83.59,3.29,forecast,OpenWeather,Lahore,,,,,,,,,,
2026-10-06 13:00:00,3,204.69,0.01,5.58,79.83,2.36,27.96,83.47,4.72,forecast,OpenWeather,Lahore,,,,,,,,,,
2026-10-06 14:00:00,3,263.79,0.0,8.4,66.14,2.35,28.92,83.68,6.65,forecast,OpenWeather,Lahore,,,,,,,,,,
2026-10-06 15:00:00,3,315.67,0.0,10.37,56.5,2.4,29.97,84.52,8.28,forecast,OpenWeather,Lahore,,,,,,,,,,
2026-10-06 16:00:00,3,348.55,0.0,11.49,48.86,2.44,30.33,84.05,9.32,forecast,OpenWeather,Lahore,,,,,,,,,,
2026-10-06 17:00:00,3,371.08,0.0,12.07,44.43,2.67,30.73,84.28,9.78,forecast,OpenWeather,Lahore,,,,,,,,,,
2026-10-06 18:00:00,3,381.14,0.0,12.33,42.08,3.05,30.91,84.21,9.86,forecast,OpenWeather,Lahore,,,,,,,,,,
2026-10-06 19:00:00,3,359.15,0.0,11.11,42.03,3.37,30.29,82.86,9.44,forecast,OpenWeather,Lahore,,,,,,,,,,
2026-10-06 20:00:00,3,349.53,0.0,10.14,38.97,2.99,30.08,79.99,9.76,forecast,OpenWeather,Lahore,,,,,,,,,,
2026-10-06 21:00:00,3,332.86,0.0,8.67,38.54,2.72,29.57,76.69,9.77,forecast,OpenWeather,Lahore,,,,,,,,,,
2026-10-06 22:00:00,3,309.29,0.0,7.15,41.89,3.21,28.43,69.37,8.76,forecast,OpenWeather,Lahore,,,,,,,,,,
2026-10-06 23:00:00,3,299.14,0.0,6.32,43.82,3.39,28.21,64.28,8.13,forecast,OpenWeather,Lahore,,,,,,,,,,
2026-10-07 00:00:00,3,291.99,0.0,5.9,44.07,3.38,28.48,63.33,7.21,forecast,OpenWeather,Lahore,,,,,,,,,,
2026-10-07 01:00:00,3,281.58,0.0,5.65,43.41,3.13,29.04,65.73,6.31,forecast,OpenWeather,Lahore,,,,,,,,,,
2026-10-07 02:00:00,3,290.04,0.04,6.15,39.55,2.8,30.54,70.58,6.73,forecast,OpenWeather,Lahore,,,,,,,,,,
2026-10-07 03:00:00,3,310.88,0.73,6.4,37.49,2.7,32.11,76.47,7.32,forecast,OpenWeather,Lahore,,,,,,,,,,
2026-10-07 04:00:00,3,318.22,1.56,5.72,42.73,2.91,33.79,83.76,7.3,forecast,OpenWeather,Lahore,,,,,,,,,,
2026-10-07 05:00:00,3,314.82,1.45,4.93,56.39,3.24,37.06,92.08,7.04,forecast,OpenWeather,Lahore,,,,,,,,,,
2026-10-07 06:00:00,4,315.78,0.89,3.86,78.02,3.44,44.9,103.6,6.94,forecast,OpenWeather,Lahore,,,,,,,,,,
2026-10-07 07:00:00,4,193.86,0.23,1.36,100.54,3.06,36.41,103.24,3.15,forecast,OpenWeather,Lahore,,,,,,,,,,
2026-10-07 08:00:00,3,166.18,0.14,0.91,104.01,2.67,33.12,94.86,2.39,forecast,OpenWeather,Lahore,,,,,,,,,,
2026-10-07 09:00:00,3,165.84,0.13,0.92,106.14,2.66,34.12,94.37,2.44,forecast,OpenWeather,Lahore,,,,,,,,,,
2026-10-07 10:00:00,3,172.97,0.13,1.08,108.75,2.82,35.97,95.9,2.65,forecast,OpenWeather,Lahore,,,,,,,,,,
2026-10-07 11:00:00,3,180.88,0.12,1.41,109.25,3.01,37.34,96.79,2.92,forecast,OpenWeather,Lahore,,,,,,,,,,
2026-10-07 12:00:00,3,189.53,0.06,1.99,108.13,3.22,38.17,97.24,3.2,forecast,OpenWeather,Lahore,,,,,,,,,,
2026-10-07 13:00:00,3,246.56,0.01,4.92,94.91,3.42,41.57,98.95,5.17,forecast,OpenWeather,Lahore,,,,,,,,,,
2026-10-07 14:00:00,4,341.78,0.0,8.61,78.11,3.62,48.09,104.1,8.04,forecast,OpenWeather,Lahore,,,,,,,,,,
2026-10-07 15:00:00,4,431.82,0.0,11.0,67.1,3.79,55.25,110.97,10.56,forecast,OpenWeather,Lahore,,,,,,,,,,
2026-10-07 16:00:00,4,513.96,0.0,12.73,57.75,3.75,62.52,117.67,12.85,forecast,OpenWeather,Lahore,,,,,,,,,,
2026-10-07 17:00:00,4,604.18,0.0,14.25,48.83,3.56,71.1,126.57,14.28,forecast,OpenWeather,Lahore,,,,,,,,,,
2026-10-07 18:00:00,5,683.94,0.0,15.36,41.28,3.26,79.35,134.77,14.1,forecast,OpenWeather,Lahore,,,,,,,,,,
2026-10-07 19:00:00,5,726.33,0.0,15.39,35.0,2.75,84.73,138.24,12.81,forecast,OpenWeather,Lahore,,,,,,,,,,
2026-10-07 20:00:00,5,755.12,0.0,14.72,30.14,2.32,89.43,141.23,12.08,forecast,OpenWeather,Lahore,,,,,,,,,,
2026-10-07 21:00:00,5,783.29,0.0,13.89,26.37,2.07,94.26,145.02,11.93,forecast,OpenWeather,Lahore,,,,,,,,,,
2026-10-07 22:00:00,5,810.99,0.0,13.1,23.41,1.89,98.75,148.79,11.98,forecast,OpenWeather,Lahore,,,,,,,,,,
2026-10-07 23:00:00,5,840.79,0.0,12.38,21.19,1.75,103.38,153.18,11.23,forecast,OpenWeather,Lahore,,,,,,,,,,
2026-10-08 00:00:00,5,871.57,0.01,11.87,19.62,1.65,107.75,157.19,9.86,forecast,OpenWeather,Lahore,,,,,,,,,,
2026-10-08 01:00:00,5,905.51,0.02,11.58,18.11,1.66,111.58,160.61,8.51,forecast,OpenWeather,Lahore,,,,,,,,,,
2026-10-08 02:00:00,5,961.21,0.18,11.95,16.21,1.96,115.39,165.83,8.63,forecast,OpenWeather,Lahore,,,,,,,,,,
2026-10-08 03:00:00,5,1012.3,1.6,11.26,21.72,2.65,118.15,170.73,9.37,forecast,OpenWeather,Lahore,,,,,,,,,,
2026-10-08 04:00:00,5,842.23,1.24,8.27,65.26,6.78,113.96,165.52,8.58,forecast,OpenWeather,Lahore,,,,,,,,,,
2026-10-08 05:00:00,5,781.08,0.93,6.33,91.89,7.62,115.94,167.14,8.32,forecast,OpenWeather,Lahore,,,,,,,,,,
2026-10-08 06:00:00,5,763.8,0.55,4.63,119.59,7.53,123.12,174.69,8.44,forecast,OpenWeather,Lahore,,,,,,,,,,
2026-10-08 07:00:00,5,408.13,0.16,1.53,134.92,7.41,82.72,137.18,3.52,forecast,OpenWeather,Lahore,,,,,,,,,,
2026-10-08 08:00:00,4,329.32,0.1,1.06,131.1,5.83,70.55,124.57,2.49,forecast,OpenWeather,Lahore,,,,,,,,,,
2026-10-08 09:00:00,4,313.55,0.09,1.09,129.52,5.4,66.5,118.5,2.36,forecast,OpenWeather,Lahore,,,,,,,,,,
2026-10-08 10:00:00,4,311.75,0.09,1.27,129.16,5.24,64.31,115.51,2.47,forecast,OpenWeather,Lahore,,,,,,,,,,
2026-10-08 11:00:00,4,313.98,0.08,1.66,127.51,5.2,63.23,114.41,2.77,forecast,OpenWeather,Lahore,,,,,,,,,,
2026-10-08 12:00:00,4,318.92,0.04,2.3,124.64,5.29,62.29,113.59,3.11,forecast,OpenWeather,Lahore,,,,,,,,,,
2026-10-08 13:00:00,4,354.79,0.0,4.4,114.17,5.22,63.25,113.67,4.55,forecast,OpenWeather,Lahore,,,,,,,,,,
2026-10-08 14:00:00,4,414.46,0.0,6.84,101.43,5.09,66.29,115.43,6.74,forecast,OpenWeather,Lahore,,,,,,,,,,
2026-10-08 15:00:00,4,469.65,0.0,8.3,92.42,5.08,69.71,117.68,8.68,forecast,OpenWeather,Lahore,,,,,,,,,,
2026-10-08 16:00:00,4,514.75,0.0,9.07,82.93,4.88,72.47,118.5,10.27,forecast,OpenWeather,Lahore,,,,,,,,,,
2026-10-08 17:00:00,5,563.97,0.0,9.66,72.81,4.45,75.94,120.96,11.33,forecast,OpenWeather,Lahore,,,,,,,,,,
2026-10-08 18:00:00,5,603.29,0.0,9.99,64.34,3.96,78.92,122.75,11.56,forecast,OpenWeather,Lahore,,,,,,,,,,
2026-10-08 19:00:00,5,613.95,0.0,9.59,57.51,3.37,80.17,122.01,10.77,forecast,OpenWeather,Lahore,,,,,,,,,,
2026-10-08 20:00:00,5,619.02,0.0,9.05,51.09,2.81,81.14,121.3,9.7,forecast,OpenWeather,Lahore,,,,,,,,,,
2026-10-08 21:00:00,5,626.41,0.0,8.59,44.74,2.31,81.96,121.01,8.44,forecast,OpenWeather,Lahore,,,,,,,,,,
2026-10-08 22:00:00,5,631.84,0.0,8.2,39.12,1.93,82.18,120.34,7.2,forecast,OpenWeather,Lahore,,,,,,,,,,
2026-10-08 23:00:00,5,632.55,0.0,7.67,36.52,1.78,82.37,119.74,6.25,forecast,OpenWeather,Lahore,,,,,,,,,,
2026-10-09 00:00:00,5,615.47,0.0,6.93,38.62,1.89,81.97,118.55,5.52,forecast,OpenWeather,Lahore,,,,,,,,,,
2026-10-09 01:00:00,5,550.16,0.0,5.53,56.36,3.23,79.92,116.23,4.84,forecast,OpenWeather,Lahore,,,,,,,,,,
2026-10-09 02:00:00,5,535.59,0.04,5.71,57.72,3.7,79.43,116.27,5.17,forecast,OpenWeather,Lahore,,,,,,,,,,
2026-10-09 03:00:00,5,542.85,0.72,6.21,54.76,4.08,79.13,117.95,5.76,forecast,OpenWeather,Lahore,,,,,,,,,,
2026-10-09 04:00:00,5,507.34,1.13,5.55,59.86,5.01,76.39,121.26,5.89,forecast,OpenWeather,Lahore,,,,,,,,,,
2026-10-09 05:00:00,4,467.91,1.07,4.79,71.32,5.93,74.34,124.69,5.8,forecast,OpenWeather,Lahore,,,,,,,,,,
2026-10-09 06:00:00,5,426.52,0.7,3.74,90.52,6.85,75.08,131.02,5.51,forecast,OpenWeather,Lahore,,,,,,,,,,
2026-10-09 07:00:00,4,298.93,0.27,1.89,118.06,7.89,64.22,136.17,3.36,forecast,OpenWeather,Lahore,,,,,,,,,,
2026-10-09 08:00:00,4,251.77,0.17,1.36,122.85,6.87,57.91,131.47,2.64,forecast,OpenWeather,Lahore,,,,,,,,,,
2026-10-09 09:00:00,4,238.17,0.14,1.33,125.31,6.49,55.74,127.12,2.45,forecast,OpenWeather,Lahore,,,,,,,,,,
2026-10-09 10:00:00,4,231.07,0.14,1.58,124.16,6.02,52.05,117.34,2.51,forecast,OpenWeather,Lahore,,,,,,,,,,
2026-10-09 11:00:00,4,230.13,0.14,2.21,119.13,5.53,48.35,107.55,2.86,forecast,OpenWeather,Lahore,,,,,,,,,,
2026-10-09 12:00:00,4,241.67,0.08,3.41,115.0,5.58,47.56,103.78,3.3,forecast,OpenWeather,Lahore,,,,,,,,,,
2026-10-09 13:00:00,4,286.11,0.01,5.77,106.69,5.75,50.4,103.59,4.52,forecast,OpenWeather,Lahore,,,,,,,,,,
2026-10-09 14:00:00,4,348.96,0.0,8.06,96.87,5.85,55.24,105.24,6.17,forecast,OpenWeather,Lahore,,,,,,,,,,
2026-10-09 15:00:00,4,394.8,0.0,9.12,89.88,5.92,59.01,106.43,7.42,forecast,OpenWeather,Lahore,,,,,,,,,,
2026-10-09 16:00:00,4,408.13,0.0,9.03,83.73,6.05,60.15,105.01,8.05,forecast,OpenWeather,Lahore,,,,,,,,,,
2026-10-09 17:00:00,4,405.87,0.0,8.6,79.3,6.46,60.36,104.28,8.37,forecast,OpenWeather,Lahore,,,,,,,,,,
2026-10-09 18:00:00,4,393.86,0.0,8.04,76.1,6.83,60.8,104.44,8.37,forecast,OpenWeather,Lahore,,,,,,,,,,
2026-10-09 19:00:00,4,366.51,0.0,6.57,77.45,7.37,62.83,107.01,7.81,forecast,OpenWeather,Lahore,,,,,,,,,,
2026-10-09 20:00:00,4,362.62,0.0,5.44,78.84,7.35,68.94,112.17,7.46,forecast,OpenWeather,Lahore,,,,,,,,,,
2026-10-09 21:00:00,5,379.43,0.0,4.49,81.63,7.35,79.44,120.84,6.94,forecast,OpenWeather,Lahore,,,,,,,,,,
2026-10-09 22:00:00,5,409.5,0.0,3.78,84.51,7.48,92.17,131.22,6.12,forecast,OpenWeather,Lahore,,,,,,,,,,
2026-10-09 23:00:00,5,447.71,0.0,3.33,85.87,7.56,105.32,141.65,5.21,forecast,OpenWeather,Lahore,,,,,,,,,,
2026-10-10 00:00:00,5,485.57,0.0,3.08,85.02,7.57,116.58,150.21,4.26,forecast,OpenWeather,Lahore,,,,,,,,,,
2026-10-10 01:00:00,5,517.28,0.0,3.04,81.02,7.53,123.51,154.52,3.57,forecast,OpenWeather,Lahore,,,,,,,,,,
2026-10-10 02:00:00,5,547.25,0.01,3.51,74.97,7.74,126.48,156.35,3.41,forecast,OpenWeather,Lahore,,,,,,,,,,
2026-10-10 03:00:00,5,571.87,0.16,4.36,70.52,8.32,126.17,156.42,3.35,forecast,OpenWeather,Lahore,,,,,,,,,,
2026-10-10 04:00:00,5,578.67,0.45,4.59,75.67,9.35,123.68,155.48,3.2,forecast,OpenWeather,Lahore,,,,,,,,,,
2026-10-10 05:00:00,5,572.75,0.51,4.18,90.66,9.87,121.72,154.71,3.18,forecast,OpenWeather,Lahore,,,,,,,,,,
2026-10-10 06:00:00,5,553.96,0.39,3.4,112.07,10.25,122.05,157.05,3.02,forecast,OpenWeather,Lahore,,,,,,,,,,
2026-10-10 07:00:00,5,421.79,0.22,2.3,131.21,9.83,98.27,148.59,2.11,forecast,OpenWeather,Lahore,,,,,,,,,,
2026-10-10 08:00:00,5,339.79,0.14,1.81,135.14,8.61,81.75,136.75,1.74,forecast,OpenWeather,Lahore,,,,,,,,,,
2026-02-14 00:00:00,108,,,,,,,,,forecast_pm25,AQICN,Islamabad,,,,,,,pm25,68.0,138.0,
2026-02-14 00:00:00,1,,,,,,,,,forecast_uvi,AQICN,Islamabad,,,,,,,uvi,0.0,4.0,
2026-02-14 00:00:00,35,,,,,,,,,forecast_pm10,AQICN,Islamabad,,,,,,,pm10,19.0,46.0,
2026-02-15 00:00:00,24,,,,,,,,,forecast_pm10,AQICN,Islamabad,,,,,,,pm10,18.0,28.0,
2026-02-15 00:00:00,1,,,,,,,,,forecast_uvi,AQICN,Islamabad,,,,,,,uvi,0.0,4.0,
2026-02-15 00:00:00,78,,,,,,,,,forecast_pm25,AQICN,Islamabad,,,,,,,pm25,59.0,89.0,
2026-02-16 00:00:00,27,,,,,,,,,forecast_pm10,AQICN,Islamabad,,,,,,,pm10,19.0,43.0,
2026-02-16 00:00:00,1,,,,,,,,,forecast_uvi,AQICN,Islamabad,,,,,,,uvi,0.0,4.0,
2026-02-16 00:00:00,87,,,,,,,,,forecast_pm25,AQICN,Islamabad,,,,,,,pm25,68.0,129.0,
2026-02-16 17:00:00,154,,,,,,,,,current,AQICN,Islamabad,1.5,48.6,797.2,154.0,12.0,2.0,,,,0.7
2026-02-17 00:00:00,132,,,,,,,,,forecast_pm25,AQICN,Islamabad,,,,,,,pm25,89.0,157.0,
2026-02-17 00:00:00,47,,,,,,,,,forecast_pm10,AQICN,Islamabad,,,,,,,pm10,28.0,57.0,
2026-02-17 00:00:00,1,,,,,,,,,forecast_uvi,AQICN,Islamabad,,,,,,,uvi,0.0,4.0,
2026-02-18 00:00:00,34,,,,,,,,,forecast_pm10,AQICN,Islamabad,,,,,,,pm10,19.0,46.0,
2026-02-18 00:00:00,1,,,,,,,,,forecast_uvi,AQICN,Islamabad,,,,,,,uvi,0.0,4.0,
2026-02-18 00:00:00,105,,,,,,,,,forecast_pm25,AQICN,Islamabad,,,,,,,pm25,68.0,138.0,
2026-02-19 00:00:00,1,,,,,,,,,forecast_uvi,AQICN,Islamabad,,,,,,,uvi,0.0,5.0,
2026-02-19 00:00:00,23,,,,,,,,,forecast_pm10,AQICN,Islamabad,,,,,,,pm10,19.0,28.0,
2026-02-19 00:00:00,74,,,,,,,,,forecast_pm25,AQICN,Islamabad,,,,,,,pm25,64.0,89.0,
2026-02-20 00:00:00,72,,,,,,,,,forecast_pm25,AQICN,Islamabad,,,,,,,pm25,64.0,88.0,
2026-02-20 00:00:00,1,,,,,,,,,forecast_uvi,AQICN,Islamabad,,,,,,,uvi,0.0,5.0,
2026-02-20 00:00:00,25,,,,,,,,,forecast_pm10,AQICN,Islamabad,,,,,,,pm10,19.0,28.0,
2026-02-21 00:00:00,0,,,,,,,,,forecast_uvi,AQICN,Islamabad,,,,,,,uvi,0.0,0.0,
2026-02-21 00:00:00,77,,,,,,,,,forecast_pm25,AQICN,Islamabad,,,,,,,pm25,68.0,85.0,
2026-02-21 00:00:00,25,,,,,,,,,forecast_pm10,AQICN,Islamabad,,,,,,,pm10,19.0,28.0,
2026-02-22 00:00:00,42,,,,,,,,,forecast_pm10,AQICN,Islamabad,,,,,,,pm10,27.0,46.0,
2026-02-22 00:00:00,126,,,,,,,,,forecast_pm25,AQICN,Islamabad,,,,,,,pm25,68.0,138.0,
2026-10-01 10:00:00,4,227.71,0.18,1.88,127.14,4.34,53.07,136.23,2.11,history,OpenWeather,Islamabad,,,,,,,,,,
2026-10-01 11:00:00,4,262.86,0.28,3.95,119.0,4.06,54.73,136.06,4.05,history,OpenWeather,Islamabad,,,,,,,,,,
2026-10-01 12:00:00,4,312.71,0.21,7.31,109.19,3.94,56.43,137.0,5.94,history,OpenWeather,Islamabad,,,,,,,,,,
2026-10-01 13:00:00,4,387.12,0.02,11.88,95.9,3.83,58.92,139.12,8.36,history,OpenWeather,Islamabad,,,,,,,,,,
2026-10-01 14:00:00,4,476.57,0.0,15.47,80.86,3.5,62.47,142.16,10.76,history,OpenWeather,Islamabad,,,,,,,,,,
2026-10-01 15:00:00,4,552.71,0.0,17.23,69.86,3.14,66.15,145.57,12.37,history,OpenWeather,Islamabad,,,,,,,,,,
2026-10-01 16:00:00,4,617.11,0.0,17.84,60.32,2.78,69.38,147.55,12.98,history,OpenWeather,Islamabad,,,,,,,,,,
2026-10-01 17:00:00,4,678.36,0.0,18.3,52.65,2.64,73.03,152.19,14.42,history,OpenWeather,Islamabad,,,,,,,,,,
2026-10-01 18:00:00,5,718.93,0.0,18.6,47.3,2.68,75.81,156.38,17.01,history,OpenWeather,Islamabad,,,,,,,,,,
2026-10-01 19:00:00,5,722.95,0.0,18.29,45.07,2.92,78.39,159.12,20.82,history,OpenWeather,Islamabad,,,,,,,,,,
2026-10-01 20:00:00,5,718.71,0.0,17.26,45.52,3.26,81.57,162.71,25.42,history,OpenWeather,Islamabad,,,,,,,,,,
2026-10-01 21:00:00,5,717.55,0.0,15.78,47.22,3.61,85.28,166.76,30.18,history,OpenWeather,Islamabad,,,,,,,,,,
2026-10-01 22:00:00,5,711.11,0.0,14.23,49.89,3.96,89.26,170.77,34.38,history,OpenWeather,Islamabad,,,,,,,,,,
2026-10-01 23:00:00,5,707.6,0.0,12.94,52.5,4.26,92.65,174.2,38.9,history,OpenWeather,Islamabad,,,,,,,,,,
2026-10-02 00:00:00,5,720.21,0.0,12.55,53.8,4.49,96.58,178.12,44.51,history,OpenWeather,Islamabad,,,,,,,,,,
2026-10-02 01:00:00,5,749.25,0.0,13.04,52.71,4.56,100.45,182.19,49.83,history,OpenWeather,Islamabad,,,,,,,,,,
2026-10-02 02:00:00,5,806.7,0.05,15.97,48.8,4.74,103.73,187.64,54.09,history,OpenWeather,Islamabad,,,,,,,,,,
2026-10-02 03:00:00,5,892.57,1.53,20.31,46.37,5.04,105.82,193.4,56.86,history,OpenWeather,Islamabad,,,,,,,,,,
2026-10-02 04:00:00,5,909.82,3.7,20.52,65.55,5.69,104.34,197.5,49.98,history,OpenWeather,Islamabad,,,,,,,,,,
2026-10-02 05:00:00,5,886.71,3.47,19.13,87.85,5.76,105.78,200.52,45.87,history,OpenWeather,Islamabad,,,,,,,,,,
2026-10-02 06:00:00,5,821.67,1.97,14.44,123.2,5.48,112.42,208.01,39.45,history,OpenWeather,Islamabad,,,,,,,,,,
2026-10-02 07:00:00,4,311.21,0.24,2.16,139.9,6.12,67.53,166.57,7.32,history,OpenWeather,Islamabad,,,,,,,,,,
2026-10-02 08:00:00,4,244.3,0.12,1.13,136.95,5.12,62.25,158.28,3.57,history,OpenWeather,Islamabad,,,,,,,,,,
2026-10-02 09:00:00,4,234.09,0.11,1.08,135.88,4.72,61.51,155.88,3.07,history,OpenWeather,Islamabad,,,,,,,,,,
2026-10-02 10:00:00,4,237.12,0.13,1.44,132.61,4.4,61.97,155.01,3.56,history,OpenWeather,Islamabad,,,,,,,,,,
2026-10-02 11:00:00,4,249.52,0.17,2.28,126.64,4.11,62.76,154.48,4.64,history,OpenWeather,Islamabad,,,,,,,,,,
2026-10-02 12:00:00,4,267.35,0.11,3.64,121.08,3.98,63.5,154.93,5.68,history,OpenWeather,Islamabad,,,,,,,,,,
2026-10-02 13:00:00,4,338.46,0.02,8.9,104.95,3.81,64.82,154.57,9.04,history,OpenWeather,Islamabad,,,,,,,,,,
2026-10-02 14:00:00,4,444.7,0.0,15.11,89.49,3.97,67.57,156.99,14.45,history,OpenWeather,Islamabad,,,,,,,,,,
2026-10-02 15:00:00,4,535.55,0.0,18.94,80.27,4.31,71.39,161.7,20.01,history,OpenWeather,Islamabad,,,,,,,,,,
2026-10-02 16:00:00,5,613.16,0.0,20.93,73.28,4.62,78.51,169.25,24.71,history,OpenWeather,Islamabad,,,,,,,,,,
2026-10-02 17:00:00,5,673.9,0.0,21.71,69.5,5.0,85.55,178.47,29.48,history,OpenWeather,Islamabad,,,,,,,,,,
2026-10-02 18:00:00,5,702.39,0.0,21.26,68.2,5.34,90.87,185.58,33.45,history,OpenWeather,Islamabad,,,,,,,,,,
2026-10-02 19:00:00,5,689.38,0.0,19.16,69.51,5.47,93.34,187.94,35.92,history,OpenWeather,Islamabad,,,,,,,,,,
2026-10-02 20:00:00,5,657.0,0.0,15.76,72.99,5.55,96.18,190.37,37.65,history,OpenWeather,Islamabad,,,,,,,,,,
2026-10-02 21:00:00,5,625.26,0.0,12.64,76.48,5.62,98.95,192.31,39.51,history,OpenWeather,Islamabad,,,,,,,,,,
2026-10-02 22:00:00,5,593.02,0.0,10.17,79.12,5.58,100.28,192.61,40.95,history,OpenWeather,Islamabad,,,,,,,,,,
2026-10-02 23:00:00,5,565.37,0.0,8.44,80.55,5.41,100.79,192.56,42.49,history,OpenWeather,Islamabad,,,,,,,,,,
2026-10-03 00:00:00,5,555.15,0.0,7.52,78.3,4.93,101.42,192.69,42.55,history,OpenWeather,Islamabad,,,,,,,,,,
2026-10-03 01:00:00,5,542.46,0.0,7.31,64.46,2.93,89.14,179.25,27.08,history,OpenWeather,Islamabad,,,,,,,,,,
2026-10-03 02:00:00,5,567.05,0.03,8.68,58.61,2.63,87.95,179.63,25.25,history,OpenWeather,Islamabad,,,,,,,,,,
2026-10-03 03:00:00,5,600.54,0.71,10.54,57.45,2.67,86.49,181.15,24.73,history,OpenWeather,Islamabad,,,,,,,,,,
2026-10-03 04:00:00,5,560.62,1.36,8.64,75.62,3.05,81.17,181.06,18.38,history,OpenWeather,Islamabad,,,,,,,,,,
2026-10-03 05:00:00,5,533.63,1.29,7.12,89.86,3.0,76.04,176.23,15.82,history,OpenWeather,Islamabad,,,,,,,,,,
2026-10-03 06:00:00,5,498.71,0.77,5.11,110.76,2.95,78.47,178.06,13.34,history,OpenWeather,Islamabad,,,,,,,,,,
2026-10-03 07:00:00,4,273.44,0.14,1.18,130.09,3.57,62.7,155.11,4.24,history,OpenWeather,Islamabad,,,,,,,,,,
2026-10-03 08:00:00,4,233.87,0.1,0.77,128.3,2.96,57.25,140.66,2.81,history,OpenWeather,Islamabad,,,,,,,,,,
2026-10-03 09:00:00,4,225.89,0.09,0.78,126.94,2.71,56.28,136.98,2.67,history,OpenWeather,Islamabad,,,,,,,,,,
2026-10-03 10:00:00,4,231.64,0.12,1.14,125.27,2.65,57.84,138.92,3.17,history,OpenWeather,Islamabad,,,,,,,,,,
2026-10-03 11:00:00,4,244.62,0.15,1.89,121.12,2.68,60.53,143.32,4.06,history,OpenWeather,Islamabad,,,,,,,,,,
2026-10-03 12:00:00,4,261.3,0.1,3.12,115.35,2.73,63.08,148.47,4.85,history,OpenWeather,Islamabad,,,,,,,,,,
2026-10-03 13:00:00,4,313.67,0.01,6.95,98.41,2.52,65.35,149.77,6.8,history,OpenWeather,Islamabad,,,,,,,,,,
2026-10-03 14:00:00,4,385.96,0.0,10.91,78.77,2.14,68.21,151.21,9.4,history,OpenWeather,Islamabad,,,,,,,,,,
2026-10-03 15:00:00,4,436.93,0.0,12.69,65.97,1.84,71.18,154.58,11.19,history,OpenWeather,Islamabad,,,,,,,,,,
2026-10-03 16:00:00,4,467.04,0.0,13.13,57.17,1.64,72.97,157.04,12.64,history,OpenWeather,Islamabad,,,,,,,,,,
2026-10-03 17:00:00,5,491.59,0.0,13.21,52.24,1.64,75.12,161.42,15.07,history,OpenWeather,Islamabad,,,,,,,,,,
2026-10-03 18:00:00,5,508.43,0.0,13.12,49.63,1.72,76.89,165.69,17.8,history,OpenWeather,Islamabad,,,,,,,,,,
2026-10-03 19:00:00,5,507.06,0.0,12.44,49.28,1.83,78.0,168.92,20.59,history,OpenWeather,Islamabad,,,,,,,,,,
2026-10-03 20:00:00,5,501.02,0.0,11.42,50.69,1.96,80.08,173.46,23.21,history,OpenWeather,Islamabad,,,,,,,,,,
2026-10-03 21:00:00,5,499.38,0.0,10.5,52.15,2.08,81.98,177.52,25.91,history,OpenWeather,Islamabad,,,,,,,,,,
2026-10-03 22:00:00,5,504.19,0.0,10.05,53.45,2.22,83.9,181.13,29.25,history,OpenWeather,Islamabad,,,,,,,,,,
2026-10-03 23:00:00,5,513.3,0.0,9.77,54.56,2.33,85.97,184.87,32.91,history,OpenWeather,Islamabad,,,,,,,,,,
2026-10-04 00:00:00,5,524.48,0.0,9.65,54.53,2.4,87.95,188.41,36.29,history,OpenWeather,Islamabad,,,,,,,,,,
2026-10-04 01:00:00,5,538.65,0.0,9.9,52.39,2.38,88.94,190.45,38.23,history,OpenWeather,Islamabad,,,,,,,,,,
2026-10-04 02:00:00,5,569.84,0.07,11.35,48.23,2.4,89.54,193.42,38.49,history,OpenWeather,Islamabad,,,,,,,,,,
2026-10-04 03:00:00,5,614.94,1.36,12.24,46.48,2.38,90.22,197.4,35.49,history,OpenWeather,Islamabad,,,,,,,,,,
2026-10-04 04:00:00,5,529.42,1.44,8.08,71.71,2.86,86.55,199.94,18.78,history,OpenWeather,Islamabad,,,,,,,,,,
2026-10-04 05:00:00,5,510.95,1.23,6.39,85.91,2.94,85.39,196.47,14.43,history,OpenWeather,Islamabad,,,,,,,,,,
2026-10-04 06:00:00,5,498.78,0.74,4.64,107.27,3.07,90.22,198.62,12.21,history,OpenWeather,Islamabad,,,,,,,,,,
2026-10-04 07:00:00,4,298.19,0.17,1.33,128.78,4.51,74.9,168.91,4.69,history,OpenWeather,Islamabad,,,,,,,,,,
2026-10-04 08:00:00,4,253.01,0.11,0.91,129.17,3.91,67.33,149.49,3.2,history,OpenWeather,Islamabad,,,,,,,,,,
2026-10-04 09:00:00,4,248.24,0.11,0.96,130.09,3.82,66.34,145.1,3.05,history,OpenWeather,Islamabad,,,,,,,,,,
2026-10-04 10:00:00,4,253.41,0.12,1.22,131.67,3.87,67.55,145.47,3.27,history,OpenWeather,Islamabad,,,,,,,,,,
2026-10-04 11:00:00,4,266.87,0.13,1.84,131.39,4.04,69.79,147.7,3.78,history,OpenWeather,Islamabad,,,,,,,,,,
2026-10-04 12:00:00,4,285.96,0.08,2.93,130.01,4.41,72.36,150.42,4.29,history,OpenWeather,Islamabad,,,,,,,,,,
2026-10-04 13:00:00,5,333.64,0.01,5.86,118.33,4.37,75.7,152.16,5.92,history,OpenWeather,Islamabad,,,,,,,,,,
2026-10-04 14:00:00,5,400.25,0.0,9.01,101.58,3.81,79.94,154.51,8.15,history,OpenWeather,Islamabad,,,,,,,,,,
2026-10-04 15:00:00,5,454.05,0.0,10.63,89.62,3.25,84.06,157.68,9.1,history,OpenWeather,Islamabad,,,,,,,,,,
2026-10-04 16:00:00,5,495.22,0.0,11.37,78.23,2.67,86.72,158.41,9.25,history,OpenWeather,Islamabad,,,,,,,,,,
2026-10-04 17:00:00,5,536.85,0.0,11.91,68.67,2.31,89.97,161.12,9.69,history,OpenWeather,Islamabad,,,,,,,,,,
2026-10-04 18:00:00,5,569.33,0.0,12.2,61.33,2.12,92.74,164.21,10.11,history,OpenWeather,Islamabad,,,,,,,,,,
2026-10-04 19:00:00,5,580.37,0.0,11.76,56.78,2.03,94.37,165.85,10.52,history,OpenWeather,Islamabad,,,,,,,,,,
2026-10-04 20:00:00,5,582.35,0.0,10.68,54.31,2.03,96.09,167.99,10.76,history,OpenWeather,Islamabad,,,,,,,,,,
2026-10-04 21:00:00,5,582.4,0.0,9.42,52.54,2.04,97.78,169.9,10.86,history,OpenWeather,Islamabad,,,,,,,,,,
2026-10-04 22:00:00,5,579.63,0.0,8.32,50.95,2.06,99.17,171.2,11.06,history,OpenWeather,Islamabad,,,,,,,,,,
2026-10-04 23:00:00,5,579.71,0.0,7.54,49.2,2.1,100.4,172.43,12.02,history,OpenWeather,Islamabad,,,,,,,,,,
2026-10-05 00:00:00,5,582.5,0.0,7.2,47.35,2.15,101.97,173.89,13.19,history,OpenWeather,Islamabad,,,,,,,,,,
2026-10-05 01:00:00,5,591.19,0.0,7.38,44.9,2.19,102.94,174.82,13.52,history,OpenWeather,Islamabad,,,,,,,,,,
2026-10-05 02:00:00,5,625.14,0.04,9.24,40.3,2.29,103.82,177.44,12.9,history,OpenWeather,Islamabad,,,,,,,,,,
2026-10-05 03:00:00,5,675.47,0.9,11.51,40.39,2.67,104.8,181.41,11.91,history,OpenWeather,Islamabad,,,,,,,,,,
2026-10-05 04:00:00,5,541.54,0.72,7.46,96.52,7.48,103.81,186.33,5.99,history,OpenWeather,Islamabad,,,,,,,,,,
2026-10-05 05:00:00,5,523.26,0.76,6.01,112.13,8.02,105.01,186.75,5.49,history,OpenWeather,Islamabad,,,,,,,,,,
2026-10-05 06:00:00,5,512.64,0.51,4.31,131.09,8.51,109.13,190.19,5.19,history,OpenWeather,Islamabad,,,,,,,,,,
2026-10-05 07:00:00,5,365.2,0.17,1.7,153.74,13.28,98.0,178.14,2.3,history,OpenWeather,Islamabad,,,,,,,,,,
2026-10-05 08:00:00,5,320.11,0.13,1.29,153.28,11.74,90.71,166.64,1.77,history,OpenWeather,Islamabad,,,,,,,,,,
2026-10-05 09:00:00,5,307.59,0.12,1.32,152.73,10.67,88.1,161.48,1.72,history,OpenWeather,Islamabad,,,,,,,,,,
2026-10-05 10:00:00,5,307.69,0.12,1.66,152.54,10.07,87.85,160.2,1.94,history,OpenWeather,Islamabad,,,,,,,,,,
2026-10-05 11:00:00,5,320.43,0.12,2.47,151.42,9.93,89.72,161.92,2.47,history,OpenWeather,Islamabad,,,,,,,,,,
2026-10-05 12:00:00,5,340.24,0.07,3.78,148.97,10.03,91.87,164.65,3.03,history,OpenWeather,Islamabad,,,,,,,,,,
2026-10-05 13:00:00,5,382.64,0.01,6.27,138.82,9.65,94.96,167.6,4.47,history,OpenWeather,Islamabad,,,,,,,,,,
2026-10-05 14:00:00,5,442.6,0.0,8.66,124.89,8.69,99.46,171.74,6.51,history,OpenWeather,Islamabad,,,,,,,,,,
2026-10-05 15:00:00,5,493.59,0.0,9.79,114.08,7.71,103.73,175.56,8.04,history,OpenWeather,Islamabad,,,,,,,,,,
2026-10-05 16:00:00,5,533.67,0.0,10.23,102.7,6.61,106.06,175.95,8.84,history,OpenWeather,Islamabad,,,,,,,,,,
2026-10-05 17:00:00,5,577.16,0.0,10.69,92.64,5.68,108.76,177.49,9.37,history,OpenWeather,Islamabad,,,,,,,,,,
2026-10-05 18:00:00,5,610.14,0.0,10.93,84.39,4.97,110.43,178.03,9.32,history,OpenWeather,Islamabad,,,,,,,,,,
2026-10-05 19:00:00,5,618.27,0.0,10.45,78.18,4.44,110.52,176.1,8.72,history,OpenWeather,Islamabad,,,,,,,,,,
2026-10-05 20:00:00,5,614.04,0.0,9.11,74.15,4.14,109.86,172.89,8.05,history,OpenWeather,Islamabad,,,,,,,,,,
2026-10-05 21:00:00,5,601.65,0.0,7.49,72.0,4.11,108.7,168.85,7.38,history,OpenWeather,Islamabad,,,,,,,,,,
2026-10-05 22:00:00,5,588.52,0.0,6.0,73.62,4.47,107.32,165.01,6.83,history,OpenWeather,Islamabad,,,,,,,,,,
2026-10-05 23:00:00,5,592.0,0.0,5.23,73.07,4.45,107.48,161.72,6.53,history,OpenWeather,Islamabad,,,,,,,,,,
2026-10-06 00:00:00,5,606.3,0.0,4.85,72.08,4.42,108.49,159.76,6.37,history,OpenWeather,Islamabad,,,,,,,,,,
2026-10-06 01:00:00,5,606.5,0.0,4.28,77.67,4.99,109.15,159.13,6.04,history,OpenWeather,Islamabad,,,,,,,,,,
2026-10-06 02:00:00,5,618.08,0.01,4.92,78.64,5.04,109.53,158.06,6.05,history,OpenWeather,Islamabad,,,,,,,,,,
2026-10-06 03:00:00,5,638.52,0.14,6.62,80.1,5.16,109.57,157.54,6.03,history,OpenWeather,Islamabad,,,,,,,,,,
2026-10-06 04:00:00,5,622.67,0.45,6.78,92.89,6.01,108.09,156.21,5.44,history,OpenWeather,Islamabad,,,,,,,,,,
2026-10-06 05:00:00,5,603.17,0.55,5.78,108.59,6.09,107.06,153.74,4.98,history,OpenWeather,Islamabad,,,,,,,,,,
2026-10-06 06:00:00,5,580.0,0.42,4.38,129.18,6.1,107.2,152.35,4.47,history,OpenWeather,Islamabad,,,,,,,,,,
2026-10-06 07:00:00,5,405.18,0.16,1.92,147.89,8.39,90.41,145.65,2.33,history,OpenWeather,Islamabad,,,,,,,,,,
2026-10-06 08:00:00,5,334.26,0.11,1.37,147.62,7.95,80.93,139.36,1.79,history,OpenWeather,Islamabad,,,,,,,,,,
2026-10-06 09:00:00,5,318.93,0.09,1.42,146.77,7.5,78.03,135.81,1.77,history,OpenWeather,Islamabad,,,,,,,,,,
2026-10-06 09:00:00,5,318.93,0.09,1.42,146.77,7.5,78.03,135.81,1.77,forecast,OpenWeather,Islamabad,,,,,,,,,,
2026-10-06 09:33:17,5,319.68,0.09,1.8,147.08,7.25,77.07,133.72,1.97,current,OpenWeather,Islamabad,,,,,,,,,,
2026-10-06 10:00:00,5,319.68,0.09,1.8,147.08,7.25,77.07,133.72,1.97,forecast,OpenWeather,Islamabad,,,,,,,,,,
2026-10-06 11:00:00,5,330.78,0.09,2.67,145.45,6.94,76.62,130.83,2.44,forecast,OpenWeather,Islamabad,,,,,,,,,,
2026-10-06 12:00:00,4,342.69,0.05,3.93,141.08,6.64,74.85,126.84,2.92,forecast,OpenWeather,Islamabad,,,,,,,,,,
2026-10-06 13:00:00,4,364.89,0.0,5.61,132.4,6.11,73.78,124.25,3.87,forecast,OpenWeather,Islamabad,,,,,,,,,,
2026-10-06 14:00:00,4,399.07,0.0,7.06,121.53,5.47,74.46,124.06,5.32,forecast,OpenWeather,Islamabad,,,,,,,,,,
2026-10-06 15:00:00,5,426.01,0.0,7.59,112.62,4.96,75.06,123.8,6.61,forecast,OpenWeather,Islamabad,,,,,,,,,,
2026-10-06 16:00:00,4,443.15,0.0,7.43,104.82,4.93,74.71,121.15,7.48,forecast,OpenWeather,Islamabad,,,,,,,,,,
2026-10-06 17:00:00,4,457.36,0.0,7.04,99.64,5.84,73.52,114.11,7.0,forecast,OpenWeather,Islamabad,,,,,,,,,,
2026-10-06 18:00:00,4,460.38,0.0,6.56,96.79,7.06,69.77,101.22,5.31,forecast,OpenWeather,Islamabad,,,,,,,,,,
2026-10-06 19:00:00,4,442.39,0.0,5.69,94.63,8.76,63.71,85.34,3.57,forecast,OpenWeather,Islamabad,,,,,,,,,,
2026-10-06 20:00:00,4,436.54,0.0,5.08,91.79,9.68,59.1,74.41,2.61,forecast,OpenWeather,Islamabad,,,,,,,,,,
2026-10-06 21:00:00,4,433.32,0.0,4.48,88.51,9.84,55.53,66.94,2.13,forecast,OpenWeather,Islamabad,,,,,,,,,,
2026-10-06 22:00:00,4,432.03,0.0,4.04,84.24,7.59,53.52,63.19,2.06,forecast,OpenWeather,Islamabad,,,,,,,,,,
2026-10-06 23:00:00,4,435.92,0.0,3.78,80.67,5.25,53.03,62.73,2.09,forecast,OpenWeather,Islamabad,,,,,,,,,,
2026-10-07 00:00:00,4,442.13,0.0,3.64,78.94,3.73,52.63,62.81,2.1,forecast,OpenWeather,Islamabad,,,,,,,,,,
2026-10-07 01:00:00,4,449.91,0.0,3.66,78.87,2.86,51.88,62.93,2.13,forecast,OpenWeather,Islamabad,,,,,,,,,,
2026-10-07 02:00:00,4,467.89,0.01,4.4,78.01,2.51,51.6,64.02,2.27,forecast,OpenWeather,Islamabad,,,,,,,,,,
2026-10-07 03:00:00,4,491.06,0.14,5.68,78.28,2.56,51.56,65.27,2.41,forecast,OpenWeather,Islamabad,,,,,,,,,,
2026-10-07 04:00:00,4,471.54,0.34,5.39,88.56,3.21,50.6,64.58,2.03,forecast,OpenWeather,Islamabad,,,,,,,,,,
2026-10-07 05:00:00,4,460.21,0.42,5.0,96.9,3.47,50.89,64.95,2.1,forecast,OpenWeather,Islamabad,,,,,,,,,,
2026-10-07 06:00:00,4,450.44,0.36,4.37,108.05,3.73,52.46,66.49,2.15,forecast,OpenWeather,Islamabad,,,,,,,,,,
2026-10-07 07:00:00,4,372.64,0.19,2.72,122.41,4.2,50.04,63.77,1.52,forecast,OpenWeather,Islamabad,,,,,,,,,,
2026-10-07 08:00:00,3,325.63,0.13,2.02,126.39,4.04,48.11,62.11,1.29,forecast,OpenWeather,Islamabad,,,,,,,,,,
2026-10-07 09:00:00,3,311.25,0.1,1.99,127.77,3.94,48.14,62.4,1.33,forecast,OpenWeather,Islamabad,,,,,,,,,,
2026-10-07 10:00:00,3,308.64,0.09,2.18,129.18,3.88,48.32,63.02,1.48,forecast,OpenWeather,Islamabad,,,,,,,,,,
2026-10-07 11:00:00,3,307.6,0.08,2.54,128.49,3.83,48.26,63.37,1.72,forecast,OpenWeather,Islamabad,,,,,,,,,,
2026-10-07 12:00:00,3,308.82,0.04,3.14,126.49,3.81,48.3,63.79,1.97,forecast,OpenWeather,Islamabad,,,,,,,,,,
2026-10-07 13:00:00,4,378.76,0.0,8.36,106.78,3.3,50.4,67.09,4.7,forecast,OpenWeather,Islamabad,,,,,,,,,,
2026-10-07 14:00:00,4,490.95,0.0,15.04,82.14,2.71,54.16,73.4,8.49,forecast,OpenWeather,Islamabad,,,,,,,,,,
2026-10-07 15:00:00,4,579.01,0.0,18.93,66.83,2.47,57.6,79.92,11.57,forecast,OpenWeather,Islamabad,,,,,,,,,,
2026-10-07 16:00:00,4,635.9,0.0,20.66,57.93,2.55,60.28,85.19,15.32,forecast,OpenWeather,Islamabad,,,,,,,,,,
2026-10-07 17:00:00,4,680.94,0.0,21.12,52.24,2.63,63.84,90.97,17.95,forecast,OpenWeather,Islamabad,,,,,,,,,,
2026-10-07 18:00:00,4,714.43,0.0,21.27,47.95,2.62,67.53,95.94,19.52,forecast,OpenWeather,Islamabad,,,,,,,,,,
2026-10-07 19:00:00,4,718.12,0.0,20.53,45.91,2.58,70.07,98.3,21.43,forecast,OpenWeather,Islamabad,,,,,,,,,,
2026-10-07 20:00:00,4,710.13,0.0,18.92,45.63,2.58,72.1,100.08,23.72,forecast,OpenWeather,Islamabad,,,,,,,,,,
2026-10-07 21:00:00,4,703.95,0.0,17.09,45.23,2.5,74.28,102.29,24.64,forecast,OpenWeather,Islamabad,,,,,,,,,,
2026-10-07 22:00:00,5,698.34,0.0,15.42,44.42,2.36,75.24,103.52,24.62,forecast,OpenWeather,Islamabad,,,,,,,,,,
2026-10-07 23:00:00,5,696.03,0.0,14.11,43.04,2.22,76.37,105.28,25.51,forecast,OpenWeather,Islamabad,,,,,,,,,,
2026-10-08 00:00:00,5,701.88,0.0,13.25,40.19,1.99,78.26,107.84,25.51,forecast,OpenWeather,Islamabad,,,,,,,,,,
2026-10-08 01:00:00,5,716.53,0.0,12.85,34.87,1.5,78.71,108.86,19.02,forecast,OpenWeather,Islamabad,,,,,,,,,,
2026-10-08 02:00:00,5,754.73,0.1,14.07,28.56,1.31,77.09,108.77,14.75,forecast,OpenWeather,Islamabad,,,,,,,,,,
2026-10-08 03:00:00,4,801.78,1.79,14.65,29.26,1.41,74.64,108.14,12.74,forecast,OpenWeather,Islamabad,,,,,,,,,,
2026-10-08 04:00:00,4,655.48,1.66,9.7,74.55,2.84,65.19,97.65,7.99,forecast,OpenWeather,Islamabad,,,,,,,,,,
2026-10-08 05:00:00,4,615.32,1.51,7.91,92.08,2.98,61.38,93.02,7.29,forecast,OpenWeather,Islamabad,,,,,,,,,,
2026-10-08 06:00:00,4,577.3,0.89,5.74,114.68,3.08,63.52,95.09,6.76,forecast,OpenWeather,Islamabad,,,,,,,,,,
2026-10-08 07:00:00,4,375.64,0.21,1.81,138.54,4.44,52.2,78.24,2.55,forecast,OpenWeather,Islamabad,,,,,,,,,,
2026-10-08 08:00:00,3,330.7,0.13,1.22,138.69,3.74,48.12,71.51,1.83,forecast,OpenWeather,Islamabad,,,,,,,,,,
2026-10-08 09:00:00,3,324.73,0.12,1.24,138.69,3.38,47.48,70.53,1.82,forecast,OpenWeather,Islamabad,,,,,,,,,,
2026-10-08 10:00:00,3,325.26,0.11,1.35,139.16,3.09,46.84,70.05,1.91,forecast,OpenWeather,Islamabad,,,,,,,,,,
2026-10-08 11:00:00,3,323.42,0.09,1.59,137.41,2.82,45.49,68.7,2.02,forecast,OpenWeather,Islamabad,,,,,,,,,,
2026-10-08 12:00:00,3,324.94,0.05,2.11,135.17,2.71,44.53,67.89,2.19,forecast,OpenWeather,Islamabad,,,,,,,,,,
2026-10-08 13:00:00,3,400.02,0.01,7.5,115.14,2.44,46.64,70.97,4.99,forecast,OpenWeather,Islamabad,,,,,,,,,,
2026-10-08 14:00:00,4,518.61,0.0,14.26,89.54,2.12,51.38,78.19,8.81,forecast,OpenWeather,Islamabad,,,,,,,,,,
2026-10-08 15:00:00,4,611.5,0.0,18.01,72.37,1.92,56.45,86.59,11.32,forecast,OpenWeather,Islamabad,,,,,,,,,,
2026-10-08 16:00:00,4,673.82,0.0,19.25,60.25,1.75,61.41,94.23,12.69,forecast,OpenWeather,Islamabad,,,,,,,,,,
2026-10-08 17:00:00,4,722.73,0.0,19.15,52.37,1.53,66.58,101.06,12.27,forecast,OpenWeather,Islamabad,,,,,,,,,,
2026-10-08 18:00:00,4,753.25,0.0,18.49,47.71,1.35,70.68,105.17,11.21,forecast,OpenWeather,Islamabad,,,,,,,,,,
2026-10-08 19:00:00,4,743.91,0.0,16.32,47.16,1.21,73.01,105.69,10.18,forecast,OpenWeather,Islamabad,,,,,,,,,,
2026-10-08 20:00:00,5,738.32,0.0,14.34,45.79,1.08,75.38,106.73,9.9,forecast,OpenWeather,Islamabad,,,,,,,,,,
2026-10-08 21:00:00,5,735.7,0.0,12.62,44.01,1.0,77.75,108.25,10.2,forecast,OpenWeather,Islamabad,,,,,,,,,,
2026-10-08 22:00:00,5,732.55,0.0,11.32,42.61,1.01,79.57,109.57,11.49,forecast,OpenWeather,Islamabad,,,,,,,,,,
2026-10-08 23:00:00,5,731.62,0.0,10.42,41.52,1.07,81.35,111.21,13.21,forecast,OpenWeather,Islamabad,,,,,,,,,,
2026-10-09 00:00:00,5,731.04,0.0,9.97,40.12,1.13,83.03,113.01,14.98,forecast,OpenWeather,Islamabad,,,,,,,,,,
2026-10-09 01:00:00,5,735.0,0.0,10.02,37.93,1.21,83.61,113.91,16.24,forecast,OpenWeather,Islamabad,,,,,,,,,,
2026-10-09 02:00:00,5,764.31,0.07,11.68,34.24,1.34,83.71,115.7,16.27,forecast,OpenWeather,Islamabad,,,,,,,,,,
2026-10-09 03:00:00,5,807.53,1.53,12.77,35.07,1.54,83.43,117.54,15.68,forecast,OpenWeather,Islamabad,,,,,,,,,,
2026-10-09 04:00:00,5,681.71,1.2,8.26,70.74,2.84,80.52,115.88,9.02,forecast,OpenWeather,Islamabad,,,,,,,,,,
2026-10-09 05:00:00,5,662.95,1.18,6.83,87.41,3.01,81.65,117.33,8.07,forecast,OpenWeather,Islamabad,,,,,,,,,,
2026-10-09 06:00:00,5,642.62,0.78,5.15,108.55,3.17,85.94,121.87,7.69,forecast,OpenWeather,Islamabad,,,,,,,,,,
2026-10-09 07:00:00,4,396.26,0.17,1.5,137.37,4.43,60.97,90.86,2.87,forecast,OpenWeather,Islamabad,,,,,,,,,,
2026-10-09 08:00:00,3,332.56,0.11,0.99,137.51,3.25,48.42,73.27,2.1,forecast,OpenWeather,Islamabad,,,,,,,,,,
2026-10-09 09:00:00,3,317.62,0.11,1.05,137.37,2.95,44.86,67.62,2.02,forecast,OpenWeather,Islamabad,,,,,,,,,,
2026-10-09 10:00:00,3,317.69,0.1,1.36,138.74,2.93,44.13,66.12,2.16,forecast,OpenWeather,Islamabad,,,,,,,,,,
2026-10-09 11:00:00,3,328.9,0.08,2.07,137.89,3.11,45.62,67.27,2.52,forecast,OpenWeather,Islamabad,,,,,,,,,,
2026-10-09 12:00:00,3,348.76,0.03,3.18,135.93,3.44,47.99,69.04,2.89,forecast,OpenWeather,Islamabad,,,,,,,,,,
2026-10-09 13:00:00,4,396.46,0.0,5.84,126.64,3.55,51.36,71.97,4.22,forecast,OpenWeather,Islamabad,,,,,,,,,,
2026-10-09 14:00:00,4,461.98,0.0,8.79,113.52,3.35,55.92,76.86,6.11,forecast,OpenWeather,Islamabad,,,,,,,,,,
2026-10-09 15:00:00,4,518.52,0.0,10.21,104.17,3.15,61.03,82.71,7.0,forecast,OpenWeather,Islamabad,,,,,,,,,,
2026-10-09 16:00:00,4,563.11,0.0,10.69,94.72,2.9,65.81,87.85,6.91,forecast,OpenWeather,Islamabad,,,,,,,,,,
2026-10-09 17:00:00,4,611.19,0.0,11.08,86.35,2.7,71.0,93.78,6.72,forecast,OpenWeather,Islamabad,,,,,,,,,,
2026-10-09 18:00:00,5,650.19,0.0,11.35,78.87,2.52,75.41,98.72,6.27,forecast,OpenWeather,Islamabad,,,,,,,,,,
2026-10-09 19:00:00,5,670.11,0.0,11.09,72.33,2.33,78.35,101.17,5.65,forecast,OpenWeather,Islamabad,,,,,,,,,,
2026-10-09 20:00:00,5,673.83,0.0,9.68,68.33,2.23,80.58,102.45,5.08,forecast,OpenWeather,Islamabad,,,,,,,,,,
2026-10-09 21:00:00,5,666.34,0.0,7.87,66.65,2.33,81.55,102.42,4.64,forecast,OpenWeather,Islamabad,,,,,,,,,,
2026-10-09 22:00:00,5,651.72,0.0,6.38,66.52,2.59,80.82,100.86,4.31,forecast,OpenWeather,Islamabad,,,,,,,,,,
2026-10-09 23:00:00,5,645.85,0.0,5.52,64.62,2.64,79.66,99.09,4.02,forecast,OpenWeather,Islamabad,,,,,,,,,,
2026-10-10 00:00:00,5,640.89,0.0,5.06,63.08,2.79,77.99,96.82,3.8,forecast,OpenWeather,Islamabad,,,,,,,,,,
2026-10-10 01:00:00,5,633.08,0.0,4.81,63.43,3.19,75.29,93.57,3.58,forecast,OpenWeather,Islamabad,,,,,,,,,,
2026-10-10 02:00:00,4,635.5,0.01,5.4,61.11,3.26,73.11,91.11,3.61,forecast,OpenWeather,Islamabad,,,,,,,,,,
2026-10-10 03:00:00,4,640.9,0.17,6.4,60.92,3.53,71.65,89.73,3.74,forecast,OpenWeather,Islamabad,,,,,,,,,,
2026-10-10 04:00:00,4,604.45,0.35,5.47,74.35,4.59,71.3,89.2,3.29,forecast,OpenWeather,Islamabad,,,,,,,,,,
2026-10-10 05:00:00,4,578.54,0.42,4.69,86.08,4.89,72.42,90.15,3.02,forecast,OpenWeather,Islamabad,,,,,,,,,,
2026-10-10 06:00:00,5,545.31,0.34,3.63,103.58,5.49,75.21,93.19,2.73,forecast,OpenWeather,Islamabad,,,,,,,,,,
2026-10-10 07:00:00,4,423.95,0.13,1.73,134.41,5.46,65.32,82.21,1.23,forecast,OpenWeather,Islamabad,,,,,,,,,,
2026-10-10 08:00:00,4,368.7,0.08,1.15,140.34,4.25,54.43,70.32,0.89,forecast,OpenWeather,Islamabad,,,,,,,,,,
